perturbation,n_cells,batch_js_divergence,n_batches_covered,diagnostic_status
AAAS,212,0.06163786096539985,47,ok
AAMP,99,0.1431314071212037,39,ok
AARS,40,0.26537140021000555,29,ok
AARS2,181,0.05855019280271917,48,ok
AASDHPPT,49,0.16687727277926606,35,ok
AATF,298,0.023461781868559874,48,ok
ABCB10,51,0.23274839204872483,31,ok
ABCB7,199,0.04229637828822028,48,ok
ABCE1,249,0.03415162048411439,47,ok
ABCF1,329,0.029710013326583712,48,ok
ABCG1,144,0.0657859168835786,46,ok
ABHD11,49,0.2564056096896324,29,ok
ABHD17A,95,0.09439751465590288,43,ok
ABT1,107,0.0790695095726331,44,ok
ACD,77,0.14009336841997058,39,ok
ACIN1,191,0.04734273999833978,47,ok
ACOT12,180,0.048457827784563326,47,ok
ACTB,168,0.07144484755508444,48,ok
ACTL6A,55,0.18859255885159437,35,ok
ACTR10,116,0.10074495548908736,43,ok
ACTR1A,143,0.07026842066858827,46,ok
ACTR1B,206,0.027401400253032462,48,ok
ACTR2,236,0.05659865259784126,47,ok
ACTR3,118,0.09407755518385122,44,ok
ACTR6,108,0.08486469486839442,44,ok
ACTR8,252,0.04369788600421167,47,ok
ADAT2,85,0.11367515960628179,41,ok
ADAT3,125,0.12021540169241048,42,ok
ADRM1,105,0.09906372584746867,43,ok
ADSL,133,0.061183962679145096,45,ok
AFG3L2,15,0.5511375536011871,12,ok
AHCTF1,290,0.02262006924862697,48,ok
AHCY,147,0.04592701044894843,47,ok
AIFM1,50,0.21891738809134895,33,ok
AKIRIN2,169,0.05254252547868859,47,ok
ALDOA,78,0.17648537194001182,35,ok
ALG1,69,0.1468162588358733,39,ok
ALG11,97,0.11101670780950686,40,ok
ALG13,170,0.034936619882077496,48,ok
ALG14,183,0.06625138554322145,47,ok
ALG1L,216,0.06296836676159243,46,ok
ALG2,247,0.03250348724928126,48,ok
ALYREF,319,0.03378604508624592,48,ok
ANAPC1,124,0.11112890506303406,43,ok
ANAPC10,29,0.3241238186537665,23,ok
ANAPC11,77,0.1513502002763013,38,ok
ANAPC13,112,0.11132145506726257,43,ok
ANAPC15,424,0.014753430425066624,48,ok
ANAPC2,237,0.0279012673502163,48,ok
ANAPC4,63,0.23875202124334258,31,ok
ANAPC5,40,0.2249517695004777,30,ok
ANKLE2,126,0.08250241533349655,45,ok
ANKRD11,260,0.03529185349520136,48,ok
ANKRD49,144,0.09914122207069612,43,ok
ANKS6,95,0.11145396653421324,41,ok
ANLN,96,0.14070700225863908,41,ok
AP2M1,215,0.04197431665186417,48,ok
AP2S1,123,0.06983253335742118,45,ok
AQP7,108,0.0747124980530276,45,ok
AQR,90,0.14233146496995955,39,ok
ARCN1,333,0.024069515560746563,48,ok
ARF4,89,0.13238243337743183,39,ok
ARFRP1,138,0.08911285099776446,45,ok
ARGFX,84,0.14934649764865676,39,ok
ARGLU1,498,0.02378105297592768,48,ok
ARHGAP11B,212,0.028225159244359994,48,ok
ARID3A,31,0.3384337660176666,23,ok
ARIH1,59,0.23012704812071558,32,ok
ARL2,74,0.14255315080348066,38,ok
ARL4D,120,0.10496884992374576,43,ok
ARMC6,86,0.1559671756345771,36,ok
ARMC7,110,0.09795693703765057,42,ok
ARPC2,227,0.04777175457165848,48,ok
ARPC3,141,0.10095635718133944,43,ok
ARPC4,220,0.0364754015607626,47,ok
ASF1B,284,0.025897459322651556,48,ok
ATF4,72,0.1815770581600929,34,ok
ATF5,141,0.056059431561195056,46,ok
ATL2,120,0.06000167314177755,47,ok
ATP1A1,84,0.128879614866959,40,ok
ATP2A2,158,0.07090217283927404,46,ok
ATP6AP1,119,0.12247352535995067,42,ok
ATP6AP2,175,0.08300572018133275,45,ok
ATP6V0B,147,0.07093505240830099,45,ok
ATP6V0C,53,0.22627172758009995,31,ok
ATP6V0D1,101,0.12330008149561292,40,ok
ATP6V1A,96,0.1057118947686763,42,ok
ATP6V1B2,442,0.020099475532023094,48,ok
ATP6V1C1,59,0.1932081359712681,33,ok
ATP6V1D,139,0.09953275432680242,44,ok
ATP6V1E1,188,0.056937815860229314,47,ok
ATP6V1F,72,0.13117116246426705,39,ok
ATP6V1G1,67,0.1981754379708423,35,ok
ATP6V1H,84,0.12368494672407804,40,ok
ATR,141,0.08495402906796233,45,ok
ATRIP,184,0.05238969590884671,48,ok
AURKA,58,0.15806906027915202,36,ok
AURKAIP1,76,0.15584057622020747,37,ok
AURKB,33,0.3349490691131804,24,ok
BANF1,162,0.06754293769948966,46,ok
BANP,110,0.11858519741438706,41,ok
BAP1,200,0.05265741946378924,46,ok
BARD1,140,0.053670314374151984,46,ok
BCAR1,246,0.04708592794903086,48,ok
BCAS2,227,0.07074154706623317,46,ok
BCL2L1,173,0.06480894874568963,46,ok
BCLAF1,51,0.22003538189180763,31,ok
BCR,561,0.017542636402202955,48,ok
BCS1L,70,0.12324781861194047,40,ok
BDP1,331,0.03013041088500812,48,ok
BET1,131,0.07310136324321098,46,ok
BGLAP,236,0.0420405487144991,48,ok
BIRC5,46,0.24992561271527736,29,ok
BMS1,28,0.35281819726671654,22,ok
BNIP1,111,0.07690309303974341,46,ok
BOP1,253,0.029387439194823124,48,ok
BORA,55,0.24625166071656102,31,ok
BPTF,56,0.1928956239113707,34,ok
BRCA1,104,0.11079163540097352,42,ok
BRCA2,147,0.07482789348860444,46,ok
BRD4,116,0.10562418476966001,43,ok
BRD8,77,0.19800060377200343,34,ok
BRF1,166,0.05927677901527806,47,ok
BRF2,174,0.050764771777838044,46,ok
BRIP1,132,0.058733203524873406,45,ok
BRIX1,132,0.08538270030784843,44,ok
BRK1,180,0.03634195696667913,48,ok
BTF3,79,0.16011242005210458,37,ok
BTF3L4,141,0.07342411367826006,45,ok
BUB1,648,0.015200972244247905,48,ok
BUB1B,141,0.07397857701205895,48,ok
BUB3,409,0.021923672867084444,48,ok
BUD13,174,0.05672123317952189,47,ok
BUD31,37,0.33569120636388544,24,ok
BYSL,98,0.14484423332652963,39,ok
C12orf45,100,0.11017521568511503,41,ok
C12orf60,110,0.11781728673940206,43,ok
C14orf178,143,0.04107554022587603,47,ok
C16orf86,184,0.05007942050630877,47,ok
C17orf58,58,0.21411413198109153,33,ok
C19orf25,189,0.06339683777530886,46,ok
C19orf53,169,0.06714763049461969,45,ok
C1D,160,0.04530133792890837,47,ok
C1QBP,210,0.04222180725941029,47,ok
C1QTNF4,199,0.0402066558436739,48,ok
C1orf109,240,0.029242123814810353,48,ok
C6orf15,164,0.0817558560127445,46,ok
C7orf26,86,0.15815473400871152,37,ok
C7orf50,93,0.1367164269271033,39,ok
C9orf16,212,0.045107943346237155,48,ok
C9orf78,201,0.04788024533828998,47,ok
CA5A,190,0.03540322106334803,47,ok
CACNB3,316,0.028091706957171683,48,ok
CACTIN,60,0.17453803257778444,36,ok
CADM4,381,0.03582511248956061,48,ok
CAMLG,99,0.09746532110753023,42,ok
CAP1,26,0.4588346096792522,17,ok
CAPZB,83,0.144785587710134,38,ok
CARS,19,0.45651927601353914,17,ok
CASP8AP2,211,0.056033946088787714,47,ok
CBLL1,102,0.12448193919923953,41,ok
CBLN1,214,0.04810696092405073,48,ok
CBX1,151,0.06411465155029938,46,ok
CCAR1,48,0.248287787208304,31,ok
CCDC115,211,0.03668351882631846,48,ok
CCDC130,113,0.08650113250056293,44,ok
CCDC137,198,0.075002015247895,44,ok
CCDC144A,117,0.0905632612655212,44,ok
CCDC144NL,87,0.15563179913655584,37,ok
CCDC174,104,0.08702270251204179,44,ok
CCDC59,125,0.0732855546166993,45,ok
CCDC78,142,0.05587067978614709,46,ok
CCDC84,79,0.14495738795399948,38,ok
CCDC86,253,0.04083480740474892,48,ok
CCNA2,24,0.4049825719899938,19,ok
CCNB1,158,0.08477608847021302,42,ok
CCND1,146,0.0713247445625341,45,ok
CCNH,79,0.171022831837226,36,ok
CCNK,327,0.03403358029294023,48,ok
CCNL1,177,0.06120830010294601,47,ok
CCP110,47,0.17941450580353877,34,ok
CCT2,199,0.04109164204139628,48,ok
CCT3,234,0.030621766841681292,48,ok
CCT4,251,0.030363005884437248,48,ok
CCT5,66,0.1950743892281263,35,ok
CCT6A,131,0.0803013732806169,45,ok
CCT7,152,0.07859293611954865,44,ok
CCT8,111,0.08739869984005347,44,ok
CD2BP2,132,0.07228830314401209,44,ok
CD3EAP,88,0.13623189177182973,39,ok
CD8B,112,0.08934555067042667,43,ok
CDAN1,137,0.0611361730761822,47,ok
CDC123,112,0.12295085096229327,41,ok
CDC16,165,0.038950253782801855,48,ok
CDC20,115,0.11853703234428492,42,ok
CDC23,177,0.04416930828570316,48,ok
CDC26,45,0.20226699374784937,32,ok
CDC27,366,0.016061424371498524,48,ok
CDC37,174,0.05878589363498048,46,ok
CDC40,107,0.09603136278240024,43,ok
CDC42,70,0.18674867549873328,35,ok
CDC45,92,0.1247899422599014,40,ok
CDC5L,99,0.10344443281707653,43,ok
CDC6,192,0.0374322557377556,47,ok
CDC7,95,0.10815902810815115,42,ok
CDC73,171,0.04703526604814309,48,ok
CDCA5,61,0.1653638368425918,36,ok
CDCA8,82,0.17363335077243539,37,ok
CDIPT,247,0.034626378349940305,48,ok
CDK1,347,0.02934523311287152,48,ok
CDK11A,269,0.034532034397778,48,ok
CDK2,105,0.08111029914709748,44,ok
CDK7,18,0.4575069668529916,16,ok
CDK9,140,0.05831463948258811,46,ok
CDT1,28,0.3310635244653418,23,ok
CEBPZ,113,0.11222609997831282,42,ok
CENPA,76,0.17595587883781644,35,ok
CENPC,124,0.07841950818793574,44,ok
CENPE,177,0.05466806793065019,48,ok
CENPH,63,0.1572919979860913,38,ok
CENPI,42,0.32248659348214254,25,ok
CENPJ,282,0.022469072308580647,48,ok
CENPK,97,0.09726362586494822,43,ok
CENPN,147,0.04479245431775728,47,ok
CENPT,65,0.1823811561059831,34,ok
CENPW,72,0.18948302865215688,36,ok
CEP152,153,0.08379082018549444,44,ok
CEP192,202,0.03559042014238561,48,ok
CEP68,68,0.16097326944647242,36,ok
CEP85,129,0.0783369094917016,44,ok
CEP97,135,0.07022862859861329,46,ok
CFDP1,157,0.08002377377853014,45,ok
CFL1,23,0.4275070855862273,18,ok
CHAF1A,38,0.31481668356533726,25,ok
CHAF1B,84,0.11938038699912275,41,ok
CHCHD1,84,0.09149207313336058,42,ok
CHCHD2,90,0.13482747854124336,39,ok
CHCHD4,140,0.09370979149038737,43,ok
CHD4,44,0.2589000203113906,29,ok
CHEK1,295,0.022606458190983822,48,ok
CHERP,67,0.16159581028399117,38,ok
CHMP1A,78,0.09914133835359087,41,ok
CHMP2A,93,0.12077514308647357,41,ok
CHMP3,130,0.08831172845854489,44,ok
CHMP4B,71,0.14116686850734228,39,ok
CHMP5,110,0.17250809067569117,38,ok
CHMP6,624,0.010348631349711297,48,ok
CHMP7,240,0.04038787929938578,47,ok
CHORDC1,259,0.031231855202106838,48,ok
CHTF18,97,0.09404726784751989,43,ok
CHTF8,45,0.3072292274033328,27,ok
CHTOP,149,0.10338401274873822,42,ok
CIAO1,255,0.04284342480577443,48,ok
CIAPIN1,151,0.07861462397749266,44,ok
CINP,78,0.14183188221081333,39,ok
CKAP5,315,0.03300477915704887,48,ok
CLASRP,127,0.08812454166564561,44,ok
CLCC1,47,0.24559417272087547,31,ok
CLK2,88,0.13094624327567314,39,ok
CLNS1A,53,0.1441096968690651,37,ok
CLP1,55,0.20303004304440816,33,ok
CLSPN,134,0.07797033254009537,45,ok
CLTC,157,0.07149801569015826,44,ok
CMPK1,173,0.07730233176117265,45,ok
CMTR1,145,0.0661546215569826,44,ok
CNIH4,67,0.23365764950725526,32,ok
CNN2,197,0.041936025824436535,47,ok
CNOT1,269,0.02983412012855083,48,ok
CNOT2,84,0.178660987257375,36,ok
CNOT3,332,0.022982897338274973,48,ok
COA5,175,0.05702960791401811,47,ok
COASY,247,0.02695012389573256,48,ok
COG1,40,0.27499777939023995,27,ok
COG2,343,0.023774472584480934,48,ok
COG3,56,0.2067062173528594,33,ok
COG4,129,0.06870923482343762,46,ok
COG6,183,0.04418786943967682,48,ok
COG8,47,0.23915326959351665,31,ok
COPA,243,0.04453863838483149,48,ok
COPB1,91,0.16675810334960178,37,ok
COPB2,129,0.084637617085234,45,ok
COPE,143,0.06054872762004693,45,ok
COPG1,261,0.04118623615697931,48,ok
COPS2,47,0.1824920628570132,34,ok
COPS3,73,0.16487507379732513,37,ok
COPS4,262,0.03802478434374079,47,ok
COPS5,98,0.1262619913416993,41,ok
COPS6,235,0.030749256431062168,48,ok
COPS8,224,0.03920674475807446,47,ok
COPZ1,207,0.04131449489225715,47,ok
COQ2,67,0.19387667202273803,34,ok
COQ4,162,0.060768674665686424,47,ok
COQ5,113,0.08489783913236358,44,ok
COX10,94,0.1274918956325189,39,ok
COX11,109,0.08306165962781173,44,ok
COX15,103,0.07989771404148344,44,ok
COX17,143,0.09265517551328539,44,ok
COX5A,85,0.16119921207113727,39,ok
COX5B,118,0.09470493242902274,44,ok
COX6C,117,0.06392817560442661,47,ok
COX7B,120,0.09589765204489062,43,ok
COX7C,165,0.04902863214238377,48,ok
CPAMD8,233,0.03625733721389283,48,ok
CPNE7,101,0.09481376413035329,42,ok
CPOX,101,0.10310768076603218,42,ok
CPSF1,50,0.23965573177760655,31,ok
CPSF2,20,0.44524272534013215,17,ok
CPSF3,627,0.014942045699191811,48,ok
CPSF4,59,0.2230721767829178,32,ok
CPSF6,50,0.23368485311702267,31,ok
CRCP,160,0.05137206685131889,47,ok
CRKL,120,0.0556613233258263,47,ok
CRLS1,111,0.08249223175526806,45,ok
CRNKL1,261,0.03999992521218582,48,ok
CS,222,0.035584704864761556,48,ok
CSE1L,432,0.02356519804123473,47,ok
CSH2,179,0.06699019871771868,46,ok
CSNK1A1,172,0.04666940739615682,47,ok
CSNK2B,128,0.07904389093761932,44,ok
CSTF1,141,0.07435789710337548,44,ok
CSTF3,66,0.18083335882596535,36,ok
CTBP2,110,0.12726772831906658,40,ok
CTCF,68,0.1372100524046221,39,ok
CTDP1,117,0.09425414927963388,43,ok
CTNNBL1,69,0.19047334799329527,33,ok
CTPS1,14,0.5099920245632091,13,ok
CTR9,212,0.04257651098412413,47,ok
CTU2,114,0.087077975435645,44,ok
CUL1,223,0.051629376182805026,48,ok
CUL2,94,0.10362366504421312,43,ok
CUL3,120,0.0907286198828486,41,ok
CUL7,33,0.3072183728446528,26,ok
CWC15,184,0.037340237768816203,48,ok
CWC22,34,0.36857931747317607,23,ok
CWC25,149,0.06199221151425191,46,ok
CWF19L2,194,0.032118744759450764,48,ok
CXXC1,122,0.0781886815319764,44,ok
CYC1,98,0.08181470199240612,45,ok
CYCS,163,0.07731475099277407,44,ok
CYFIP1,111,0.12025198837315981,42,ok
CYP2A13,140,0.05867970182388691,47,ok
CYP4F11,120,0.09976396207457425,43,ok
CYS1,170,0.07167309206164443,46,ok
DAD1,80,0.13018195067644597,40,ok
DAP3,162,0.05823827777077739,46,ok
DARS,70,0.13752610625109027,39,ok
DBF4,131,0.07140141168121487,44,ok
DBR1,98,0.11265706946208555,41,ok
DCAF6,137,0.06485727895817078,45,ok
DCLRE1B,117,0.08226150262984097,45,ok
DCTN1,197,0.0369177984640832,48,ok
DCTN2,126,0.1050786712311158,43,ok
DCTN3,201,0.06556579685467524,46,ok
DCTN4,77,0.15522988651792463,38,ok
DCTN5,141,0.06886377706986735,46,ok
DCTN6,64,0.18728865712785833,35,ok
DCUN1D5,183,0.04215661104347583,48,ok
DDB1,177,0.06578257672865724,46,ok
DDN,249,0.042716983195289465,46,ok
DDOST,86,0.11384603595597362,40,ok
DDX1,101,0.10311740763523675,44,ok
DDX10,104,0.09999282403195464,43,ok
DDX11,128,0.06837590700556133,47,ok
DDX18,137,0.06793813526998083,46,ok
DDX19A,103,0.08039968070196121,44,ok
DDX19B,285,0.043520786379069254,48,ok
DDX20,114,0.08538960484432405,43,ok
DDX21,90,0.1283798213592509,40,ok
DDX23,159,0.06405268519819884,47,ok
DDX24,286,0.021100563810670832,48,ok
DDX27,49,0.19819233551975812,33,ok
DDX3X,29,0.3669042718166861,21,ok
DDX41,292,0.028110908913199024,48,ok
DDX42,44,0.2805373215607221,28,ok
DDX46,214,0.06588797130900534,48,ok
DDX47,313,0.035463050236087854,48,ok
DDX49,45,0.25523249920105384,29,ok
DDX5,151,0.07975682293421264,46,ok
DDX51,128,0.1020058306650723,42,ok
DDX52,117,0.09055010262609148,43,ok
DDX54,95,0.12074904627287306,41,ok
DDX55,163,0.08511997035652256,43,ok
DDX56,174,0.06299958058700214,46,ok
DDX59,154,0.045979499122979044,46,ok
DDX6,76,0.1555097382888698,38,ok
DENR,251,0.036525396674663466,47,ok
DERL2,124,0.11209443963065487,42,ok
DHDDS,96,0.13238258885131815,40,ok
DHFR,125,0.07234238171961523,46,ok
DHODH,223,0.05294499141068747,46,ok
DHPS,66,0.1703018579910538,37,ok
DHX15,359,0.03265693283553041,47,ok
DHX16,328,0.029860743868803614,48,ok
DHX33,140,0.07132777609215064,45,ok
DHX36,269,0.039278729765592116,48,ok
DHX37,217,0.03903635226531632,48,ok
DHX8,115,0.09857443922564478,45,ok
DHX9,92,0.09422245416878151,43,ok
DICER1,158,0.06916061476875984,46,ok
DIMT1,94,0.1389708699893938,41,ok
DIS3,43,0.3041228460512867,26,ok
DKC1,66,0.2081622905327201,35,ok
DLD,311,0.029309242470523217,48,ok
DMAP1,78,0.2110000773457706,36,ok
DMRTA2,107,0.12534437911566534,39,ok
DNAJA1,292,0.038656008882899294,47,ok
DNAJA3,127,0.11016247672397818,42,ok
DNAJC11,46,0.26087463761415086,29,ok
DNAJC17,31,0.32864530111325263,24,ok
DNAJC19,398,0.015824884545159495,48,ok
DNAJC8,277,0.03179407844903855,48,ok
DNAJC9,84,0.1652760035939432,38,ok
DNLZ,140,0.07510971401853131,46,ok
DNM1,146,0.07087513325848904,45,ok
DNM1L,168,0.06932070319286725,46,ok
DNM2,12,0.5667377639377394,11,ok
DNMT1,170,0.06228583080621712,46,ok
DNTTIP2,264,0.027568288646220615,48,ok
DOHH,155,0.0553775485649781,48,ok
DOLK,146,0.06168063792433295,47,ok
DONSON,745,0.00999765002986344,48,ok
DPAGT1,135,0.0772629940495155,44,ok
DPH1,335,0.026715227636406005,48,ok
DPH2,164,0.0683319495677535,47,ok
DPH3,60,0.2468951337327669,31,ok
DPH6,101,0.12614871109484607,40,ok
DPM2,153,0.07270463319635567,45,ok
DPPA2,67,0.1489059675924645,38,ok
DPY19L2,50,0.286443615053773,28,ok
DR1,126,0.09685420991947835,45,ok
DRAP1,227,0.04313591734245375,47,ok
DRG1,196,0.06141932931088964,46,ok
DSN1,245,0.04217580576562369,47,ok
DTL,136,0.0762875649229332,46,ok
DTYMK,121,0.09742038200077015,43,ok
DUT,49,0.22684303471157213,31,ok
DYNC1H1,291,0.03172560418374201,48,ok
DYNC1I2,300,0.02027920166206919,48,ok
DYNLL1,71,0.18681197916572598,35,ok
DYNLRB1,282,0.032437057668114944,48,ok
E2F6,150,0.0657358164862373,46,ok
E4F1,134,0.10405551688041913,44,ok
EARS2,192,0.08499947938378279,44,ok
EBNA1BP2,82,0.18037683949389316,37,ok
ECD,72,0.1550034019488991,38,ok
ECT2,55,0.24725911593508473,30,ok
EDC4,166,0.053653015703674395,47,ok
EEF1A1,37,0.2941136541250346,26,ok
EEF1B2,32,0.37550005566363653,21,ok
EEF1G,175,0.050076544455853376,47,ok
EEF2,321,0.016830038395596096,48,ok
EFTUD2,127,0.08513110101934986,45,ok
EGLN2,362,0.029175925163760007,47,ok
EIF1,95,0.09766468464838421,42,ok
EIF1AD,33,0.29871882686697215,26,ok
EIF1AX,134,0.07182850377493594,45,ok
EIF2B1,178,0.05506916839166707,48,ok
EIF2B2,319,0.026192848099167172,48,ok
EIF2B3,104,0.13910297747919473,41,ok
EIF2B4,324,0.024402553344376493,48,ok
EIF2B5,461,0.015790107500154315,48,ok
EIF2S1,243,0.047059100758506035,47,ok
EIF2S2,120,0.10806169480915478,42,ok
EIF2S3,57,0.18169934463083667,34,ok
EIF3A,379,0.025704587691028805,48,ok
EIF3B,34,0.31930300418750834,24,ok
EIF3CL,44,0.2015096482799979,33,ok
EIF3D,186,0.033565320061704665,47,ok
EIF3E,232,0.03799565410996795,48,ok
EIF3F,67,0.21125396740560892,34,ok
EIF3G,67,0.17541723181513486,35,ok
EIF3H,369,0.027543777571229975,48,ok
EIF3I,61,0.21336273517670912,33,ok
EIF3J,82,0.13507967406430932,39,ok
EIF3L,57,0.1435613705855517,39,ok
EIF3M,246,0.03813834604625029,48,ok
EIF4A1,46,0.22335473409788656,31,ok
EIF4A3,7,,7,insufficient
EIF4B,41,0.27899414349297397,27,ok
EIF4E,357,0.02892174277259318,48,ok
EIF4G1,372,0.024344927200511596,48,ok
EIF4G2,342,0.03273485817179945,48,ok
EIF5,175,0.048950162354872234,47,ok
EIF5A,140,0.08214748805640813,44,ok
EIF6,129,0.09659487252936086,45,ok
ELAC2,85,0.09032135394803668,44,ok
ELL,83,0.18114574909468595,35,ok
ELOVL1,176,0.059029445985736215,46,ok
ELP2,189,0.06179010538754993,46,ok
ELP3,119,0.09686628557347604,43,ok
ELP5,177,0.05102684409565086,47,ok
ELP6,83,0.09416522442490843,43,ok
EMC1,83,0.12099224126765733,40,ok
EMC3,195,0.04452170588168439,47,ok
EMC4,55,0.19337236012671627,35,ok
EMC7,193,0.05766514901358056,47,ok
ENO1,70,0.13517290330151757,40,ok
EP400,82,0.14865980542264404,39,ok
EPRS,79,0.19220234268213418,35,ok
ERAL1,116,0.0854630055437233,45,ok
ERCC2,117,0.12164437689032516,41,ok
ERCC3,163,0.07646176239503201,47,ok
ERH,86,0.14904930765597602,39,ok
ERVW-1,175,0.05745432814239994,45,ok
ESF1,149,0.07378710110502984,45,ok
ESPL1,120,0.0876533792233375,44,ok
ESPN,421,0.02008590963602822,48,ok
ETF1,52,0.20682473547549965,32,ok
EWSR1,48,0.19488252571586312,33,ok
EXOC1,182,0.08157372419901612,44,ok
EXOC2,88,0.1319525212294985,41,ok
EXOC3,247,0.04641116422708846,46,ok
EXOC4,108,0.11711838103133829,42,ok
EXOC5,110,0.06445717773078033,45,ok
EXOC7,32,0.36376350995787776,22,ok
EXOC8,18,0.5094248999000086,14,ok
EXOSC1,77,0.15301434398178407,39,ok
EXOSC10,92,0.10406324604380697,42,ok
EXOSC2,226,0.04208205880273129,48,ok
EXOSC3,53,0.18355688405570755,33,ok
EXOSC4,102,0.07192145283028739,45,ok
EXOSC5,41,0.3051942984639534,25,ok
EXOSC6,75,0.1381714904875758,38,ok
EXOSC7,113,0.059860237984675976,47,ok
EXOSC8,126,0.08714288799591248,44,ok
EXOSC9,40,0.263682509881596,29,ok
F8A1,28,0.37551646760252627,21,ok
FAF2,165,0.04574094879220395,47,ok
FAM133B,25,0.38879290029584956,21,ok
FAM136A,50,0.22408183700901657,31,ok
FAM207A,103,0.13367833875462412,40,ok
FAM229A,137,0.06422185946834776,46,ok
FAM32A,396,0.026830699138828015,48,ok
FAM50A,38,0.3798750072023229,21,ok
FAM72D,120,0.07471871598597757,45,ok
FARS2,40,0.2986761449326546,26,ok
FARSA,138,0.066244003594569,46,ok
FARSB,97,0.0970714845888222,43,ok
FASTKD5,187,0.04295298591645391,48,ok
FAU,48,0.24742417968491942,30,ok
FBL,132,0.091151298996482,45,ok
FBLIM1,133,0.07693737171599248,44,ok
FBXO5,326,0.029414359049346424,48,ok
FCF1,231,0.04026853375062087,48,ok
FDPS,10,0.6091364997450891,10,ok
FDXR,140,0.07840343093937949,45,ok
FEN1,141,0.08989229910848691,44,ok
FGFR1OP,119,0.10297018704467727,44,ok
FIP1L1,21,0.44983397409815923,17,ok
FNBP4,160,0.07813294548718548,44,ok
FNTA,80,0.12341325059709812,41,ok
FNTB,102,0.061325933993991666,47,ok
FOLR3,304,0.022787647111541923,48,ok
FOXD4,94,0.11315833783308027,42,ok
FOXL2,164,0.07949019081351129,45,ok
FRG2,51,0.22912761002973667,31,ok
FTSJ3,207,0.04648314143251979,48,ok
FXN,174,0.0635157787810526,45,ok
GAB2,674,0.016513269092073173,48,ok
GABPA,110,0.09923853091213022,44,ok
GAK,167,0.052170694889803554,48,ok
GAPDH,183,0.04872820560382684,46,ok
GAR1,146,0.09198531681248884,44,ok
GARS,256,0.03307313428708106,48,ok
GATA1,108,0.08298431576984222,44,ok
GBF1,161,0.06343023836993696,46,ok
GCOM1,62,0.2524487743770465,30,ok
GEMIN4,81,0.13613927952941624,39,ok
GEMIN5,133,0.11361813123146855,44,ok
GEMIN6,84,0.1472252943340455,38,ok
GEMIN7,136,0.08528437692208721,44,ok
GEMIN8,86,0.08897401266144049,45,ok
GET1,73,0.17346664054017968,37,ok
GET3,121,0.08503279375493615,44,ok
GFER,222,0.04834675516743816,47,ok
GFM1,240,0.03983330905096571,47,ok
GGPS1,167,0.06861048052958824,45,ok
GINS1,186,0.0505894835459055,47,ok
GINS2,148,0.07214441545705282,45,ok
GINS3,100,0.10980351255593983,42,ok
GINS4,60,0.19450490864870904,34,ok
GIT2,107,0.09629694565780368,44,ok
GJA3,73,0.1765961268350224,35,ok
GLE1,57,0.20590739172305228,34,ok
GLI4,156,0.08235818528263997,45,ok
GLMN,79,0.16890744581375408,37,ok
GLRX3,136,0.06323970967954307,47,ok
GLRX5,99,0.13156457241650266,41,ok
GMPPB,164,0.04148782790379621,48,ok
GMPS,123,0.08106139448604932,44,ok
GNB1L,76,0.1803588769234083,36,ok
GNL2,351,0.026197175684626116,48,ok
GNL3,38,0.2585725126298905,29,ok
GNL3L,69,0.18776812942068727,35,ok
GNPNAT1,112,0.11807840461629703,40,ok
GOLGA6L1,197,0.054058019164999103,46,ok
GOLT1B,279,0.02972367388302049,48,ok
GON4L,237,0.04230530682509164,48,ok
GOSR2,84,0.1126337592107133,41,ok
GPKOW,107,0.1047558008786878,42,ok
GPN1,86,0.1347386813846241,40,ok
GPN2,44,0.2885067787537344,26,ok
GPN3,276,0.02119753736656747,48,ok
GPR61,112,0.1409541382082028,39,ok
GPS1,431,0.014778004714856826,48,ok
GRB2,169,0.044121227498454804,46,ok
GRPEL1,123,0.08282617440480448,44,ok
GRSF1,172,0.09107645942090006,43,ok
GRWD1,189,0.06079418494498166,45,ok
GSDMA,110,0.1134837752844584,42,ok
GSPT1,108,0.10528332343071868,43,ok
GTF2A1,113,0.09654087301355911,43,ok
GTF2A2,173,0.06978299812409054,47,ok
GTF2B,35,0.2732545834204809,27,ok
GTF2E1,181,0.048386329492980405,47,ok
GTF2E2,70,0.14075862928147848,40,ok
GTF2F1,41,0.2739810174502105,28,ok
GTF2F2,59,0.18689747025823303,34,ok
GTF2H1,434,0.019164663483020115,48,ok
GTF2H2,156,0.07088065007004128,45,ok
GTF2H2C,126,0.1318415926927118,39,ok
GTF2H3,76,0.17383159707302143,35,ok
GTF2H4,115,0.09012490090719473,45,ok
GTF3A,88,0.07570327810756054,45,ok
GTF3C1,160,0.05645804557432312,46,ok
GTF3C2,114,0.09106574111046062,44,ok
GTF3C3,132,0.052656558623108016,47,ok
GTF3C4,129,0.06352717377137788,46,ok
GTF3C5,166,0.05634179904742764,46,ok
GTF3C6,243,0.04242716183665001,48,ok
GTPBP4,71,0.210395185317342,33,ok
GUCD1,279,0.04574886319079614,48,ok
GUK1,118,0.07264189737851225,45,ok
H2AFX,139,0.10575207513405017,43,ok
H2AFZ,106,0.08626944016728562,43,ok
H3F3A,237,0.046573833806619815,47,ok
HAMP,33,0.2725586777695742,26,ok
HAPLN2,121,0.09460189491731893,44,ok
HARS,289,0.031681104455242894,48,ok
HARS2,62,0.19704662895906366,34,ok
HAUS1,53,0.22336942043081603,32,ok
HAUS3,164,0.06003194643057178,45,ok
HAUS4,189,0.04605102687317712,47,ok
HAUS5,160,0.059243652228843216,45,ok
HAUS6,33,0.3191195363672563,24,ok
HAUS7,239,0.04061645140449298,47,ok
HAUS8,122,0.07772940881702077,46,ok
HBS1L,143,0.04299477485156075,47,ok
HCFC1,55,0.2220570441422088,32,ok
HCRTR1,116,0.11088511955434766,42,ok
HDAC3,60,0.19670172973717318,35,ok
HDAC7,171,0.04918844963963434,48,ok
HEATR1,234,0.04411235487458015,47,ok
HECTD1,130,0.08864537887229622,45,ok
HGS,99,0.11452284650230182,43,ok
HINFP,160,0.06412017561294159,48,ok
HIRA,341,0.03148286734758709,48,ok
HIST1H2AB,97,0.095991997363855,44,ok
HIST1H2AE,123,0.11007880763102691,43,ok
HIST1H2AI,56,0.18136354437689758,35,ok
HIST1H2BB,135,0.08301284536022471,45,ok
HIST1H2BC,64,0.16011793942649033,37,ok
HIST1H2BE,55,0.20906515933113878,33,ok
HIST1H2BJ,43,0.2607296892003375,29,ok
HIST1H2BL,204,0.06034168797138988,46,ok
HIST1H2BM,156,0.06353329397213205,46,ok
HIST1H2BN,107,0.09859623573294798,43,ok
HIST2H2AA3,67,0.18595453603017903,36,ok
HIST2H2AC,73,0.20096631380409982,34,ok
HIST2H2BE,31,0.35349328445551037,23,ok
HIST2H2BF,127,0.10233164277743513,44,ok
HIST2H3A,79,0.1256293215687839,40,ok
HIST2H3D,185,0.053030541220374934,47,ok
HJURP,111,0.11814063174688348,42,ok
HLA-C,44,0.2800180491348757,28,ok
HMGA1,114,0.08393595721976267,44,ok
HMGB1,241,0.03700298209755481,48,ok
HMGCR,166,0.06036279024853501,47,ok
HMGCS1,230,0.03683658874225884,48,ok
HMGN2,107,0.10241215586519756,42,ok
HNRNPC,334,0.028683409223873826,48,ok
HNRNPH1,160,0.06947105414283279,45,ok
HNRNPK,25,0.40943712447019737,19,ok
HNRNPL,80,0.16915833369837296,36,ok
HNRNPM,258,0.03873512208404867,47,ok
HNRNPR,149,0.05910087723073449,46,ok
HNRNPU,93,0.11504768359029778,42,ok
HOXC10,83,0.161521693935278,37,ok
HS6ST1,172,0.04575973244709898,46,ok
HSCB,86,0.14610185083963517,39,ok
HSD17B10,26,0.3695296162031419,22,ok
HSD17B12,142,0.0738683366628696,45,ok
HSF1,131,0.06761053207363833,45,ok
HSP90B1,114,0.09418279616660735,43,ok
HSPA14,120,0.07827753003645584,45,ok
HSPA5,438,0.026864984330479715,48,ok
HSPA8,255,0.03762914129571881,47,ok
HSPA9,420,0.0252150465314226,48,ok
HSPD1,145,0.04601447918575627,47,ok
HSPE1,29,0.38877604372070407,21,ok
HTATSF1,96,0.14128467559084298,40,ok
HUS1,201,0.057620759540664555,45,ok
HUWE1,94,0.09779912702663023,43,ok
HYOU1,37,0.31807179194209945,24,ok
HYPK,121,0.049206517805711565,46,ok
IARS,58,0.18434499060951112,36,ok
IARS2,216,0.06439651360660527,47,ok
ICE1,429,0.025333607425750023,48,ok
IFITM2,150,0.0654178358490432,46,ok
IFITM3,20,0.44774530403248414,17,ok
IGBP1,281,0.04896013590011159,48,ok
IK,289,0.030404552426680293,48,ok
ILF2,56,0.21013629211129217,33,ok
ILF3,138,0.05618884075575336,47,ok
IMP3,27,0.3158042838540534,23,ok
IMP4,164,0.041024857508186574,48,ok
IMPDH2,77,0.1333607762425901,40,ok
INCENP,59,0.23472075385616373,30,ok
ING3,65,0.1610236781971166,37,ok
INO80,151,0.05816515634761652,47,ok
INO80B,116,0.1348513680504866,41,ok
INTS1,211,0.06219666709053522,46,ok
INTS2,354,0.017390101802971278,48,ok
INTS3,106,0.11879374631633786,40,ok
INTS4,48,0.21094644264275073,33,ok
INTS5,64,0.24927431181810866,31,ok
INTS6,146,0.07624882497948038,45,ok
INTS7,79,0.1844944865186301,35,ok
INTS8,323,0.020018686515555283,48,ok
INTS9,229,0.03208775660969107,48,ok
IPO11,72,0.1429287013249834,39,ok
IPO13,51,0.19489766793744437,33,ok
IPO7,75,0.1469046663749437,39,ok
IPO9,187,0.05370505308922819,46,ok
ISCA2,232,0.03244326387787445,48,ok
ISCU,58,0.16906908796843942,35,ok
ISG20L2,73,0.15096383251455092,38,ok
ISY1,30,0.367396993177726,22,ok
JAZF1,209,0.03856599080369389,48,ok
JMJD6,193,0.047425955089299206,47,ok
KANSL1,51,0.22175718786984364,32,ok
KANSL2,158,0.06795970410306414,47,ok
KANSL3,187,0.05457916286940724,47,ok
KARS,59,0.19890041311562148,35,ok
KAT5,118,0.0841286511311593,45,ok
KAT8,287,0.04224083124493574,47,ok
KATNB1,178,0.06674588680730802,47,ok
KCMF1,154,0.04141888017267735,48,ok
KCNA10,147,0.07252319182735421,45,ok
KCTD10,76,0.13398684993015822,39,ok
KDM2A,117,0.09435202004877837,44,ok
KDM8,56,0.18192262265454104,35,ok
KIAA1143,198,0.050997631260814476,48,ok
KIF11,974,0.008297167690460053,48,ok
KIF14,118,0.10309371465424312,41,ok
KIF18A,47,0.27400670713869213,28,ok
KIF18B,122,0.09735327778173809,43,ok
KIF20A,96,0.11761369981634387,41,ok
KIF23,87,0.16627179150863597,38,ok
KIF4A,129,0.06343928416704375,46,ok
KIN,160,0.08990800759726944,45,ok
KLC2,127,0.1067466616680616,43,ok
KLF7,173,0.07066273379670147,45,ok
KLHL11,125,0.08821847505006125,44,ok
KPNA6,78,0.12560517915798344,40,ok
KPNB1,366,0.03324977347793004,48,ok
KRI1,52,0.22594560057482058,32,ok
KRR1,449,0.022593011261658764,47,ok
KRT10,182,0.049738481656671364,47,ok
KRT17,85,0.09349030244512167,43,ok
KRT8,347,0.026437530354570426,48,ok
KRTAP4-2,132,0.05142511363328947,48,ok
KRTAP4-7,168,0.05244690471133429,46,ok
KTI12,52,0.2014631431853093,33,ok
KXD1,101,0.08851584578062419,43,ok
LAMTOR2,66,0.20699611075013682,34,ok
LAMTOR3,40,0.29268238115078,27,ok
LAMTOR4,136,0.08610856533291122,44,ok
LARS,100,0.12480114852260166,40,ok
LARS2,149,0.07039804386844997,45,ok
LAS1L,83,0.13349203291909584,40,ok
LCE1C,157,0.04954763733352902,48,ok
LCE1E,123,0.09591106156990892,42,ok
LCN10,81,0.15260193077334516,39,ok
LENG8,121,0.09397611234873576,43,ok
LETM1,124,0.11183109895736587,41,ok
LIMS1,287,0.026139826293276346,48,ok
LIN52,13,0.596175997604082,10,ok
LIN54,306,0.0400677734464816,47,ok
LONP1,128,0.10361709979188755,42,ok
LPA,119,0.11859134925444265,42,ok
LRPPRC,110,0.09275556092061919,43,ok
LRR1,122,0.1352678245047669,40,ok
LRRC37A3,114,0.07950118673673656,46,ok
LRRC37B,109,0.10846785870890237,43,ok
LSG1,116,0.08613102237742505,45,ok
LSM10,135,0.07228773935933407,44,ok
LSM11,130,0.15053851145669636,41,ok
LSM12,63,0.16585712131002017,36,ok
LSM2,357,0.014347294582879228,48,ok
LSM3,74,0.15919497411595687,38,ok
LSM4,84,0.1413794366995387,40,ok
LSM5,202,0.04291944914596737,48,ok
LSM6,461,0.016382245169057556,48,ok
LSM7,140,0.07969752249592618,44,ok
LST1,149,0.0848331071073721,45,ok
LTB4R2,188,0.04063606583217869,48,ok
LTBP3,157,0.05279089318258862,46,ok
LTV1,318,0.023955694924748427,48,ok
LUC7L3,45,0.2779606688984861,28,ok
LURAP1,71,0.19648498151632326,35,ok
LYRM4,70,0.17319088814832648,37,ok
MAD2L1,154,0.06754932220092298,46,ok
MAD2L2,200,0.04693891508393401,46,ok
MAGOH,242,0.06710132419558264,45,ok
MAK16,213,0.04767828309975796,46,ok
MANF,142,0.051687470892177685,46,ok
MARS,89,0.13107944161250998,40,ok
MARS2,75,0.20395875362373045,35,ok
MASTL,112,0.06971505550088937,46,ok
MAT2A,52,0.22623642531910557,31,ok
MAU2,66,0.1679818887459808,36,ok
MAX,180,0.06815499401945722,46,ok
MBTPS1,68,0.201825783828315,35,ok
MBTPS2,214,0.05622614663206497,47,ok
MCL1,86,0.1436094730424947,39,ok
MCM10,219,0.04736695422258763,48,ok
MCM2,123,0.11247532709263076,42,ok
MCM3,124,0.12095004049859968,41,ok
MCM3AP,105,0.08660876483344278,43,ok
MCM4,87,0.12977680042900985,39,ok
MCM5,90,0.10362813792020237,43,ok
MCM6,102,0.09728986105330484,42,ok
MCM7,160,0.06420037978661111,47,ok
MCMBP,145,0.0603331865604168,47,ok
MCRS1,71,0.14356082584303473,37,ok
MDN1,84,0.11929276242043883,42,ok
MED1,254,0.03853682876423866,48,ok
MED10,516,0.00905216941644921,48,ok
MED11,237,0.036281329335565694,48,ok
MED12,573,0.014544115216638795,48,ok
MED14,117,0.06695016798756148,46,ok
MED17,151,0.07048756257263458,47,ok
MED18,20,0.5009666017503994,14,ok
MED19,544,0.009332630362929127,48,ok
MED20,80,0.1711778037706361,36,ok
MED21,63,0.1966186124737789,33,ok
MED22,289,0.03450466851667506,48,ok
MED26,105,0.10476750510573087,41,ok
MED27,19,0.4955010616264417,14,ok
MED28,73,0.1374962146862454,39,ok
MED29,93,0.14287556801150147,40,ok
MED30,288,0.026987496581975804,48,ok
MED31,38,0.2867667976749864,27,ok
MED4,66,0.1974406787367973,34,ok
MED6,246,0.021550771618863873,48,ok
MED7,272,0.022486728383451553,48,ok
MED8,112,0.11633092357962456,42,ok
MED9,119,0.10497940611738779,45,ok
MEPCE,127,0.08187826483530344,44,ok
METAP1,102,0.11582826682568775,42,ok
METAP2,161,0.059201195456360135,47,ok
METTL1,208,0.05859743333421181,47,ok
METTL14,121,0.11233466743236264,41,ok
METTL16,42,0.2800535296650556,27,ok
METTL17,122,0.0714523163379995,44,ok
METTL23,114,0.09942486809433623,42,ok
METTL3,138,0.08601439789234389,43,ok
MEX3A,171,0.06572720359865482,45,ok
MFAP1,197,0.05022392437981102,48,ok
MFN2,135,0.082426153668438,44,ok
MICOS10,87,0.17746531033214877,36,ok
MIOS,163,0.07288608357755087,45,ok
MIPEP,90,0.09648405170500408,43,ok
MIS12,82,0.0954023180016043,42,ok
MIS18A,129,0.06376003228390849,46,ok
MIS18BP1,107,0.10531202287382616,42,ok
MKRN1,160,0.08229615695784134,44,ok
MLST8,78,0.15890346168918537,38,ok
MMGT1,183,0.056412761080222903,47,ok
MMS19,129,0.06586199476617119,45,ok
MMS22L,57,0.19563103644834137,33,ok
MNAT1,85,0.13383484447141356,39,ok
MOB4,118,0.10788470898227956,41,ok
MOCS3,118,0.05902300716518134,47,ok
MOG,124,0.0822293056683923,44,ok
MOK,123,0.10753260393090062,42,ok
MPHOSPH10,43,0.26429804943580393,28,ok
MRGBP,74,0.1327136570344415,39,ok
MRPL1,165,0.05616382135584356,46,ok
MRPL10,102,0.11823611090580405,42,ok
MRPL13,87,0.1383288655178185,40,ok
MRPL14,211,0.06824715655886376,45,ok
MRPL15,46,0.23431037759405784,30,ok
MRPL16,85,0.12723980159418855,40,ok
MRPL17,99,0.12792497698673364,41,ok
MRPL18,180,0.08870090093143528,45,ok
MRPL19,192,0.05417871027407977,48,ok
MRPL2,147,0.08154965159665292,45,ok
MRPL20,120,0.10659763090721196,43,ok
MRPL21,14,0.5602794330947131,12,ok
MRPL22,96,0.14307348520389088,38,ok
MRPL24,193,0.04899950042653914,46,ok
MRPL27,102,0.09836877863257332,42,ok
MRPL28,52,0.2321448290712359,31,ok
MRPL3,175,0.05462764726096243,47,ok
MRPL32,67,0.15984869306374583,37,ok
MRPL33,150,0.07745280353556096,46,ok
MRPL34,27,0.3314785415654395,23,ok
MRPL35,171,0.056728588197927476,47,ok
MRPL36,189,0.07194077564098736,46,ok
MRPL37,116,0.10018586819460173,41,ok
MRPL38,155,0.038979169486249736,48,ok
MRPL39,154,0.05915852783154683,46,ok
MRPL4,125,0.11774450072729334,41,ok
MRPL41,69,0.17933962302283527,36,ok
MRPL43,95,0.1513526452545067,38,ok
MRPL44,73,0.20259860689109307,33,ok
MRPL45,179,0.05379393397041336,47,ok
MRPL49,40,0.31800248169465817,24,ok
MRPL50,171,0.05483214698617211,46,ok
MRPL51,111,0.118105118650404,43,ok
MRPL53,153,0.05561831107756187,47,ok
MRPL54,142,0.0646894198668518,47,ok
MRPL55,170,0.06618887274917573,45,ok
MRPL9,121,0.09003103749153948,43,ok
MRPS10,121,0.14158241918698009,40,ok
MRPS11,95,0.14024829603095784,40,ok
MRPS12,55,0.18814672819307315,34,ok
MRPS14,92,0.13307315355933735,39,ok
MRPS16,41,0.2939576854622939,26,ok
MRPS18A,121,0.0873447876713979,43,ok
MRPS18B,59,0.2599433360345351,29,ok
MRPS2,109,0.14523388680847216,38,ok
MRPS21,146,0.052076863791783924,47,ok
MRPS22,165,0.04347589702427909,47,ok
MRPS23,119,0.12456751707086278,40,ok
MRPS24,145,0.05296396503281275,47,ok
MRPS25,99,0.11161978045690324,42,ok
MRPS26,120,0.08200111139727811,44,ok
MRPS27,81,0.1645519983197023,37,ok
MRPS28,158,0.0511849666244804,47,ok
MRPS31,107,0.11127185088069495,43,ok
MRPS34,141,0.0620709857937666,46,ok
MRPS35,201,0.050532265325031626,48,ok
MRPS5,73,0.17830732584421008,36,ok
MRPS6,152,0.07552955289089953,46,ok
MRPS7,123,0.08198708232443437,44,ok
MRPS9,76,0.18580131490779372,35,ok
MRTO4,83,0.10591127828542432,41,ok
MSRB1,205,0.053549987002069414,46,ok
MST1,134,0.06029585665959414,47,ok
MSTO1,100,0.07133100181422398,45,ok
MT2A,112,0.11227607151611607,42,ok
MTBP,191,0.04675685851072,47,ok
MTG2,146,0.06369625081736822,46,ok
MTOR,101,0.06890983537079526,46,ok
MTPAP,90,0.13317000158132852,40,ok
MTRNR2L1,43,0.2576725494391393,30,ok
MVD,104,0.13887196343125466,39,ok
MVK,136,0.04844433447645946,47,ok
MYBBP1A,109,0.12028649006004996,41,ok
MYBL2,106,0.11028373061098455,42,ok
MYC,74,0.16276066324747226,36,ok
MYCBP,208,0.03810138830375788,47,ok
MYO1H,124,0.06907437020942134,45,ok
MZF1,128,0.06460139352195729,48,ok
MZT1,455,0.024033511597204873,48,ok
N6AMT1,138,0.05325482617026388,46,ok
NAA10,137,0.11024064798114076,42,ok
NAA15,128,0.07715375312048685,44,ok
NAA20,182,0.055329127435711195,46,ok
NAA25,176,0.044964534208437455,47,ok
NAA35,193,0.04469757986744222,47,ok
NAA38,368,0.0282341728133896,48,ok
NAA50,108,0.10158253368826829,42,ok
NACA,354,0.030787451939631734,48,ok
NAE1,88,0.11764153820941393,41,ok
NAF1,94,0.13962824073383703,40,ok
NAGLU,265,0.043919114418954325,48,ok
NANOG,125,0.06807078658552469,45,ok
NAPA,12,0.5820251308563504,11,ok
NAPG,62,0.17779288857810138,36,ok
NARS,172,0.04931319599534289,46,ok
NASP,184,0.05336624376423688,47,ok
NAT10,30,0.3565645461724717,22,ok
NBAS,107,0.10831607379270503,43,ok
NBEAL1,99,0.09542364189739617,42,ok
NBPF12,150,0.05051707932243766,47,ok
NBPF15,62,0.15191887266101095,37,ok
NBPF3,133,0.06492298173831372,46,ok
NCAPD2,48,0.2226327706385731,31,ok
NCAPD3,81,0.14599898586834614,39,ok
NCAPG,79,0.11512083826663065,41,ok
NCAPG2,84,0.1262238497875559,41,ok
NCAPH,68,0.1341824998533208,38,ok
NCAPH2,143,0.053687268765148594,48,ok
NCBP1,60,0.19637807540490337,33,ok
NCBP2,992,0.00806589749766112,48,ok
NCKAP1,70,0.23413280492888067,31,ok
NCL,298,0.026674418316007278,48,ok
NCOA4,134,0.06776782964214499,46,ok
NDC1,39,0.36276372111687566,23,ok
NDC80,214,0.04729328172516856,47,ok
NDOR1,42,0.29888543124322,27,ok
NDUFA11,80,0.13825365863838646,38,ok
NDUFA2,187,0.056422522447576826,46,ok
NDUFA4,86,0.12268720877735269,41,ok
NDUFA6,169,0.06883859534799795,45,ok
NDUFA8,109,0.09700909347365799,43,ok
NDUFAB1,160,0.07561611803937072,45,ok
NDUFAF3,81,0.15859505506605046,38,ok
NDUFAF7,18,0.4401214050715987,17,ok
NDUFB10,154,0.08610607630194098,45,ok
NDUFB3,141,0.0639908284849788,46,ok
NDUFB4,166,0.09286628501012242,45,ok
NDUFB6,190,0.031483295969104104,48,ok
NDUFB7,74,0.17125912641978921,37,ok
NDUFB8,193,0.0627810619114514,47,ok
NDUFS3,112,0.09531292415157698,43,ok
NDUFS5,195,0.056420072231938276,47,ok
NEDD1,142,0.043142108195739506,48,ok
NEDD8,197,0.04916039500679903,47,ok
NELFA,89,0.12879418504996035,41,ok
NELFB,140,0.10173011288213558,43,ok
NELFCD,201,0.0649445554470392,47,ok
NELFE,74,0.13058026719553875,40,ok
NEMF,63,0.1826726584203132,35,ok
NEPRO,42,0.2753452070139666,27,ok
NFATC2IP,118,0.07551213025629527,45,ok
NFKBIE,51,0.23360545745903666,31,ok
NFRKB,228,0.03367130256965493,48,ok
NFS1,82,0.1670966763570923,37,ok
NFYB,28,0.4600495197636761,17,ok
NFYC,23,0.42674076092391183,19,ok
NHLRC2,91,0.11092080555619865,42,ok
NHP2,66,0.14588060283585672,38,ok
NIFK,240,0.03636285182233996,47,ok
NIP7,279,0.024477372301284703,48,ok
NISCH,144,0.05917137726405148,46,ok
NKAP,123,0.09035107232202398,44,ok
NLE1,413,0.014186307523655958,48,ok
NMD3,64,0.17616545289061128,36,ok
NMT1,25,0.36993657875916003,21,ok
NOB1,53,0.2573468027063404,30,ok
NOC2L,28,0.2694120801967791,26,ok
NOC3L,83,0.13174321697137492,39,ok
NOC4L,34,0.39762693801911714,20,ok
NOL10,25,0.4094295614387942,19,ok
NOL11,271,0.04939495333156783,47,ok
NOL12,93,0.18268601316236413,37,ok
NOL6,114,0.1058708259306267,42,ok
NOL7,73,0.125549978019619,41,ok
NOL8,79,0.13305556524179116,39,ok
NOL9,33,0.3065469213198464,25,ok
NOLC1,119,0.11620860925496318,43,ok
NOM1,80,0.14209607900416366,38,ok
NOMO3,191,0.05554816177835319,47,ok
NOP10,147,0.07457369093901639,46,ok
NOP14,47,0.2224120044219359,31,ok
NOP16,149,0.055385283252540385,46,ok
NOP2,58,0.20341627933043405,32,ok
NOP56,99,0.1319525321827381,41,ok
NOP58,55,0.18839311392273114,35,ok
NOP9,78,0.12883813136400257,40,ok
NOS1AP,54,0.22409589630866228,32,ok
NPAT,21,0.42304166382334274,18,ok
NPB,196,0.07490816732956695,46,ok
NPEPPS,153,0.08461944404374243,45,ok
NPLOC4,60,0.1575738363905342,37,ok
NPM1,27,0.3914716092695554,20,ok
NPM3,62,0.18456636481415462,34,ok
NR2C2AP,86,0.155126597417341,37,ok
NRBP1,63,0.15919555343864566,36,ok
NRDE2,504,0.013662536301737836,48,ok
NRF1,71,0.18098157768141726,35,ok
NSA2,114,0.05957389064123631,45,ok
NSF,165,0.049257158399090444,48,ok
NSL1,72,0.15915111387929531,36,ok
NSMCE1,61,0.1729695562445309,35,ok
NSMCE2,118,0.07328579551395416,46,ok
NSRP1,237,0.04236361904105735,47,ok
NSUN4,156,0.05382074716337232,45,ok
NUBP1,152,0.07061444285458429,46,ok
NUBP2,153,0.08702938969301703,45,ok
NUDC,117,0.07704330440137043,44,ok
NUDCD3,112,0.11145681331768306,42,ok
NUDT21,67,0.1033712253722605,40,ok
NUF2,503,0.018746999770806527,48,ok
NUFIP1,63,0.18568092328786048,35,ok
NUMA1,284,0.03868233370119298,47,ok
NUP107,316,0.021191948845187915,48,ok
NUP133,79,0.1792207913095028,37,ok
NUP153,86,0.15834472042112818,37,ok
NUP155,7,,7,insufficient
NUP160,291,0.022869659600425734,48,ok
NUP205,735,0.0130299035152099,48,ok
NUP214,132,0.05197934379473148,47,ok
NUP35,64,0.20382838181744467,34,ok
NUP43,29,0.3487807007902903,22,ok
NUP54,291,0.02788129355360044,48,ok
NUP62,99,0.1040147072995088,41,ok
NUP85,111,0.09098628344697729,43,ok
NUP88,36,0.32524498435096616,25,ok
NUP93,159,0.05778257607116742,48,ok
NUP98,510,0.025476485022454382,48,ok
NUS1,125,0.1322906953543478,41,ok
NUTF2,67,0.14618631665365234,37,ok
NVL,110,0.11233035833790662,43,ok
NXF1,251,0.05491360799926717,47,ok
OGFOD1,114,0.09406065722615578,42,ok
OGT,31,0.34118718191175335,23,ok
OIP5,137,0.07640348059523717,44,ok
OLFML3,173,0.032961072379556214,48,ok
OPA1,60,0.19335984882669602,34,ok
OR1D2,125,0.10024686429270739,44,ok
OR1E2,32,0.27193165188643953,27,ok
OR2A1,188,0.047019320053083645,47,ok
OR2T29,103,0.09533165894866553,43,ok
OR2T5,106,0.10573270615582506,44,ok
OR4F4,66,0.20638542055645426,33,ok
OR4K1,19,0.46009952049291597,16,ok
OR4N2,118,0.074175424280469,46,ok
OR7A10,38,0.2860083702980995,26,ok
OR7A17,108,0.08371187951727349,45,ok
ORC1,530,0.013280647287908705,48,ok
ORC3,181,0.07797212620321207,45,ok
ORC4,95,0.08441655950121138,43,ok
ORC5,89,0.1371893906469504,39,ok
ORC6,81,0.11101197873994542,41,ok
OSBP,65,0.17202039896332955,37,ok
OSGEP,70,0.14708019190128388,39,ok
OSTC,235,0.039643206114349266,48,ok
OTOP1,105,0.08405034461282561,45,ok
OTX1,108,0.11009281880500764,44,ok
OVCA2,76,0.16526551997291117,38,ok
OXA1L,344,0.029180046515657986,48,ok
PABPC1,19,0.4703702347886064,16,ok
PABPN1,148,0.06668051488639834,45,ok
PAF1,238,0.04117857072395104,47,ok
PAFAH1B1,126,0.06561885365282998,45,ok
PAK1IP1,21,0.47479639591553097,15,ok
PALB2,97,0.05923907829008268,46,ok
PAM16,56,0.19367759856624342,34,ok
PARN,123,0.0902800563290594,45,ok
PARS2,66,0.17840534433929023,35,ok
PAXBP1,129,0.06883298183672967,45,ok
PC,225,0.04244086224273707,48,ok
PCBP1,108,0.07958444201809706,44,ok
PCBP2,172,0.09275141336844417,45,ok
PCF11,499,0.013148418050174046,48,ok
PCID2,307,0.030408690426244063,48,ok
PCNA,132,0.10318810552483054,43,ok
PDAP1,50,0.19030782036994698,34,ok
PDCD11,98,0.1217898826939572,41,ok
PDCD2,74,0.13022149780338324,39,ok
PDCD5,194,0.05520589853868907,46,ok
PDCD6,203,0.04355423612557694,47,ok
PDCD6IP,257,0.038171178606795385,48,ok
PDCD7,99,0.15228776502730232,38,ok
PDPK1,80,0.17631385717548653,37,ok
PDRG1,116,0.08816714183448769,44,ok
PEF1,48,0.23154955663353824,31,ok
PELO,286,0.03946348167731517,48,ok
PELP1,69,0.1535025179516878,37,ok
PES1,65,0.17787619870829094,36,ok
PET117,83,0.12590537105259805,39,ok
PEX1,53,0.16473030949641176,36,ok
PFDN1,34,0.39360888115607934,20,ok
PFDN2,86,0.19370533426242528,35,ok
PFDN4,34,0.40235820509062964,21,ok
PFDN5,110,0.06666590599001455,45,ok
PFDN6,115,0.15061126586683088,39,ok
PFN1,259,0.022236403603600192,48,ok
PGAM1,160,0.09083510195713738,44,ok
PGD,115,0.0734452423045114,45,ok
PGK1,33,0.31451649622055394,24,ok
PGPEP1,52,0.27599397730473124,28,ok
PGS1,104,0.08448280820370717,44,ok
PHAX,412,0.028580465066596557,48,ok
PHB,256,0.04206536364561293,47,ok
PHB2,415,0.016044087330502454,48,ok
PHF12,110,0.08217156548669684,47,ok
PHF5A,231,0.03778479991784966,47,ok
PI4KA,109,0.10532324370178407,43,ok
PIAS4,206,0.037312993708389516,48,ok
PIGH,85,0.12640189410905311,41,ok
PIK3C3,115,0.06928863859816647,45,ok
PIK3R4,77,0.14291550584879728,39,ok
PKM,149,0.04733520447809339,48,ok
PKMYT1,92,0.12226180478159328,40,ok
PLA2G10,202,0.04596088514310546,47,ok
PLEKHN1,104,0.10155807487307358,44,ok
PLK1,60,0.19874886235909223,33,ok
PLK4,32,0.35965190191438656,22,ok
PLRG1,94,0.12554642013797873,40,ok
PMF1,265,0.02715925320653126,48,ok
PMPCA,140,0.0601517907696891,47,ok
PMPCB,553,0.019413523530364372,48,ok
PNISR,196,0.08022617105106566,46,ok
PNKP,185,0.039628596447358215,48,ok
PNN,86,0.10396834445812343,42,ok
PNO1,134,0.10985026325972666,42,ok
PNPT1,131,0.062046535914548964,46,ok
POGZ,38,0.2422227082879782,29,ok
POLA1,230,0.03203582849592281,48,ok
POLA2,234,0.07040708357606278,46,ok
POLD1,212,0.05290999244127966,47,ok
POLD2,78,0.17834259325865914,35,ok
POLD3,68,0.15229347518511077,38,ok
POLE,168,0.08382764073270318,45,ok
POLE2,56,0.16857455333367852,36,ok
POLG2,156,0.060363539141205284,45,ok
POLR1A,127,0.05446382111211161,47,ok
POLR1B,181,0.039817516508013455,47,ok
POLR1C,187,0.05598131442477771,47,ok
POLR1E,209,0.04293555948594445,48,ok
POLR2A,410,0.020474628233122467,48,ok
POLR2B,320,0.03508020334286522,47,ok
POLR2C,185,0.056856601380109124,47,ok
POLR2D,281,0.02861690391925682,48,ok
POLR2E,225,0.02714285496483752,48,ok
POLR2F,337,0.024004986384013056,48,ok
POLR2G,155,0.06937679612012855,46,ok
POLR2H,102,0.10726925435903022,41,ok
POLR2I,223,0.04766090394562172,47,ok
POLR2K,22,0.4597661825846173,16,ok
POLR2L,62,0.22221275267194138,34,ok
POLR3A,6,,6,insufficient
POLR3B,113,0.11101277224302758,42,ok
POLR3C,175,0.059063246193944416,47,ok
POLR3D,118,0.10250028345756866,42,ok
POLR3E,221,0.05554564238398333,46,ok
POLR3F,165,0.06156533255166202,47,ok
POLR3H,109,0.06296284718846692,46,ok
POLR3K,108,0.13731961708695084,39,ok
POLRMT,214,0.05167024252730957,48,ok
POP1,84,0.14225122832493817,41,ok
POP4,128,0.1055850697371927,43,ok
POP5,56,0.2011323272905456,34,ok
POP7,218,0.047331817909279435,48,ok
POT1,5,,5,insufficient
POTEI,126,0.08996513858498303,43,ok
POU5F1B,81,0.11236491555837669,42,ok
PPA1,143,0.0657825735653854,46,ok
PPA2,64,0.12867351220535544,40,ok
PPAN,103,0.11215744962279799,41,ok
PPARGC1B,142,0.08709005430408936,45,ok
PPIA,158,0.06580096351128911,46,ok
PPIE,46,0.269704789839343,28,ok
PPIH,114,0.08737626632398734,44,ok
PPIL1,24,0.44195722638832424,18,ok
PPIL2,130,0.08708746283773176,43,ok
PPIL4,74,0.14362076177404454,38,ok
PPME1,222,0.03198663055367579,47,ok
PPP1CA,248,0.03475624474189759,48,ok
PPP1CB,160,0.08801799016857212,45,ok
PPP1R10,7,,7,insufficient
PPP1R11,77,0.14145726939162848,39,ok
PPP1R12A,179,0.04997454678867513,48,ok
PPP1R15B,135,0.08958304414653427,44,ok
PPP1R2,80,0.11862987723969146,40,ok
PPP1R7,63,0.19037265009662227,35,ok
PPP1R8,69,0.16624794282059618,37,ok
PPP2CA,184,0.05327544001018573,48,ok
PPP2R1A,455,0.02657598715112182,48,ok
PPP2R3C,52,0.19286940253375773,33,ok
PPP4C,171,0.05085113170996506,47,ok
PPP4R2,187,0.04061488438173214,48,ok
PPP6C,114,0.08938885689793602,44,ok
PPRC1,122,0.07128165205195075,45,ok
PPWD1,24,0.35530832990488115,22,ok
PPY,10,0.6507517140787381,8,ok
PRC1,187,0.04786991642224902,46,ok
PRDM10,14,0.5078934438901526,14,ok
PREB,40,0.28930344490564996,27,ok
PRELID1,152,0.08619571361102552,45,ok
PRELID3B,273,0.04185068630019662,48,ok
PRIM1,181,0.060898153826691157,46,ok
PRIM2,156,0.06804549228747553,46,ok
PRKRA,78,0.15926307375786217,38,ok
PRKRIP1,182,0.05812537182983001,45,ok
PRMT1,58,0.2001441684014861,33,ok
PRMT5,127,0.09822040061337815,43,ok
PRODH,379,0.02566606916483461,48,ok
PRORP,42,0.27263350271081727,28,ok
PRPF18,268,0.032890237549618874,48,ok
PRPF19,112,0.06652087392567883,45,ok
PRPF3,143,0.06398778135056103,47,ok
PRPF31,27,0.36515931259454293,22,ok
PRPF38A,19,0.5249180582896343,14,ok
PRPF38B,29,0.3286724577842599,23,ok
PRPF4,117,0.09344188520921438,43,ok
PRPF40A,118,0.08868699247332357,43,ok
PRPF4B,208,0.049693893684330394,47,ok
PRPF6,232,0.040254155357980874,48,ok
PRPF8,150,0.04737807647558671,47,ok
PRRC2A,89,0.13148732809206104,39,ok
PSAT1,72,0.149469251451361,38,ok
PSMA1,170,0.07574826867143263,45,ok
PSMA2,64,0.19217142023219427,35,ok
PSMA3,372,0.03750039482706372,48,ok
PSMA4,388,0.030748420543240267,48,ok
PSMA5,25,0.40020743718101875,19,ok
PSMA6,40,0.29981650334637167,26,ok
PSMA7,41,0.25426291207102997,29,ok
PSMB1,143,0.07888287007224835,44,ok
PSMB2,53,0.14467868668942885,38,ok
PSMB3,31,0.3754313268034887,21,ok
PSMB4,101,0.07231055368698408,44,ok
PSMB5,270,0.05831728912016275,48,ok
PSMB6,200,0.03354511094061615,47,ok
PSMB7,404,0.0238735424394071,48,ok
PSMC1,316,0.03410869321234657,47,ok
PSMC2,432,0.02204813020236831,48,ok
PSMC3,41,0.24626154498906125,29,ok
PSMC4,242,0.04247057561319522,48,ok
PSMC5,17,0.4982472787760958,14,ok
PSMC6,151,0.05394355345738488,47,ok
PSMD1,281,0.02767015196509877,48,ok
PSMD11,80,0.1402135508999753,39,ok
PSMD12,265,0.030933089973356812,48,ok
PSMD13,122,0.1178704761459624,41,ok
PSMD14,10,0.6089299305494569,10,ok
PSMD2,63,0.23524163247095065,31,ok
PSMD3,64,0.1344214672926379,38,ok
PSMD4,352,0.03219748405770133,48,ok
PSMD6,555,0.01823701193871607,48,ok
PSMD7,373,0.02526719423012709,47,ok
PSMD8,22,0.44224723252723597,17,ok
PSMD9,94,0.11438461061511135,42,ok
PSME1,121,0.06977521708790083,45,ok
PSME2,151,0.060914220945529486,46,ok
PSMG1,109,0.1134124848063133,43,ok
PSMG2,164,0.053926522257952574,48,ok
PSMG3,439,0.02059573214588204,48,ok
PSMG4,62,0.17969439356882125,35,ok
PSTK,379,0.019200498066879658,48,ok
PTBP1,152,0.08381811254327849,46,ok
PTCD1,267,0.0300903954648991,48,ok
PTCD3,65,0.16376494136051442,37,ok
PTK2,144,0.10555760146074322,43,ok
PTMA,152,0.07152072860068402,45,ok
PTPMT1,183,0.06983202388462764,46,ok
PTPN23,140,0.09744868392448129,44,ok
PUF60,89,0.1562018609352451,37,ok
PWP1,69,0.1748688289519506,36,ok
PWP2,51,0.21469388939675246,32,ok
PXN,161,0.07750757940668396,44,ok
PYROXD1,100,0.10236292208553831,43,ok
QARS,400,0.018559515303442086,48,ok
QRSL1,126,0.07837416227510467,44,ok
RAB18,43,0.281234073101922,28,ok
RAB4A,303,0.03380394898232485,48,ok
RAB6A,59,0.21534688788784576,33,ok
RABGGTA,116,0.0641763388199538,47,ok
RABGGTB,169,0.055767901969957734,48,ok
RAC1,194,0.05328838117358268,47,ok
RAC3,220,0.043422410409678855,48,ok
RACGAP1,175,0.08123631571261265,45,ok
RAD17,129,0.06654096779992504,44,ok
RAD21,117,0.09190830568232163,44,ok
RAD51,241,0.0339106370157641,47,ok
RAD51C,65,0.16105093905197204,36,ok
RAD51D,142,0.0593166284000567,46,ok
RAD9A,41,0.24546763287665313,30,ok
RAE1,59,0.19185863247071622,35,ok
RAN,193,0.042610299958142424,46,ok
RANBP2,85,0.11586071981969394,41,ok
RANGAP1,130,0.08696677042511013,44,ok
RARS,404,0.024062628391650086,48,ok
RARS2,148,0.08445947383047253,46,ok
RBBP4,90,0.09483436646250258,44,ok
RBBP5,23,0.413475386651647,19,ok
RBBP6,86,0.08331491150744756,43,ok
RBBP8,117,0.10238759595185744,43,ok
RBM10,130,0.10911651103300155,42,ok
RBM14,228,0.048906024231969616,47,ok
RBM17,76,0.20353857045681234,34,ok
RBM19,43,0.26702638404716633,28,ok
RBM22,5,,4,insufficient
RBM25,70,0.16810167050246927,36,ok
RBM28,68,0.15232349542508258,38,ok
RBM39,79,0.08963058547387442,43,ok
RBM4,221,0.04719253813940624,47,ok
RBM42,79,0.15296824365217615,37,ok
RBM48,55,0.23194860845207252,31,ok
RBM8A,39,0.32207700597024996,26,ok
RBMX,147,0.07509073950281636,45,ok
RBMX2,244,0.036813165567501104,48,ok
RBMXL1,60,0.21785695140375064,33,ok
RBX1,57,0.25158168924427704,30,ok
RCC1,226,0.053353027419330123,48,ok
RCL1,106,0.12010695476608893,41,ok
RCOR1,35,0.3786316108187139,21,ok
REV3L,101,0.1403450750737511,40,ok
REXO2,79,0.18039866472757055,36,ok
RFC1,149,0.07865163560819861,46,ok
RFC2,97,0.09370338098885472,43,ok
RFC3,229,0.047462448513547764,46,ok
RFC4,72,0.19677473624436317,34,ok
RFC5,111,0.09895353921628394,44,ok
RFFL,7,,7,insufficient
RFT1,121,0.1098725912009958,43,ok
RGP1,130,0.09516163091706785,44,ok
RGPD6,202,0.03889597481102707,48,ok
RHOQ,185,0.0289163709325963,48,ok
RHPN1,225,0.042531998611632725,48,ok
RINT1,145,0.0680667505324702,45,ok
RIOK1,326,0.03674037687290826,48,ok
RIOK2,174,0.0626823824034176,47,ok
RMI1,203,0.06867591128580595,47,ok
RNASEH2C,102,0.10829190756292012,43,ok
RNF103,111,0.12039773910801317,41,ok
RNF113A,176,0.044849350704409555,47,ok
RNF123,111,0.10974691991505078,42,ok
RNF14,240,0.04408222687071102,48,ok
RNF168,61,0.21611000330318073,33,ok
RNF20,124,0.10531489340587231,44,ok
RNF4,32,0.3426430893844097,23,ok
RNF40,198,0.05317328164922307,47,ok
RNF8,176,0.03465830075805692,48,ok
RNGTT,115,0.0900959857617569,44,ok
RNMT,114,0.12423784126254342,42,ok
RNPC3,74,0.1619604491547338,37,ok
RNPS1,131,0.09219796735947482,43,ok
ROMO1,87,0.10858345455833548,43,ok
RPA1,469,0.022329874459909256,48,ok
RPA2,225,0.06191866760949851,45,ok
RPA3,208,0.03259513627324813,48,ok
RPAIN,108,0.11751496524124781,39,ok
RPAP1,91,0.11320580105689992,41,ok
RPAP2,398,0.023266935750761185,48,ok
RPAP3,18,0.573894144886148,12,ok
RPE,118,0.10223312048937452,43,ok
RPF1,125,0.09051414229020961,44,ok
RPF2,68,0.14437659795318797,39,ok
RPL10,276,0.020554094732536575,48,ok
RPL10A,257,0.034073346163180564,48,ok
RPL11,387,0.014666438496273882,48,ok
RPL12,255,0.027837755672096568,48,ok
RPL13,337,0.03165786248543877,48,ok
RPL13A,158,0.05688150668718572,47,ok
RPL14,220,0.046723129744868815,48,ok
RPL15,168,0.04935731384582016,48,ok
RPL17,149,0.0868742840445871,43,ok
RPL18,308,0.043798960783024206,48,ok
RPL18A,65,0.18131772902573715,35,ok
RPL19,238,0.048164427504455425,48,ok
RPL21,262,0.02491854250085163,48,ok
RPL23,398,0.018615477520645903,48,ok
RPL23A,99,0.09453994626729172,43,ok
RPL24,460,0.018336427438065905,48,ok
RPL26,209,0.06609013939513389,46,ok
RPL26L1,148,0.07155901285544007,45,ok
RPL27,38,0.29893940177097234,26,ok
RPL27A,202,0.05353087012798115,48,ok
RPL28,50,0.2528103473022482,30,ok
RPL29,88,0.12036031244696895,39,ok
RPL3,1996,0.005653416537566169,48,ok
RPL30,365,0.025879451283934967,48,ok
RPL31,294,0.035434268199799814,48,ok
RPL32,208,0.04391971385293621,48,ok
RPL34,330,0.03221179172859751,48,ok
RPL35,46,0.27885505649067427,28,ok
RPL35A,137,0.05693181122692492,47,ok
RPL36,204,0.03949260111828091,48,ok
RPL36A,84,0.1506459938754438,38,ok
RPL36AL,152,0.07550915433245144,46,ok
RPL37,382,0.0243005256886861,48,ok
RPL37A,386,0.025309740735044713,48,ok
RPL38,184,0.043136455863352186,48,ok
RPL39,37,0.2968905454597743,26,ok
RPL4,345,0.02298628585839274,48,ok
RPL41,47,0.19455776206729533,33,ok
RPL5,200,0.061593524443809965,47,ok
RPL6,273,0.028188013154667912,48,ok
RPL7,301,0.03884462116817952,48,ok
RPL7A,10,0.6386526003769992,9,ok
RPL7L1,30,0.3099275287843795,25,ok
RPL8,384,0.030027666983894367,48,ok
RPL9,242,0.040252471063918764,48,ok
RPLP0,184,0.060367550620709504,46,ok
RPLP1,117,0.07697900561299519,44,ok
RPLP2,222,0.027613006987955893,48,ok
RPN1,52,0.3046937923593153,28,ok
RPN2,105,0.123357964676594,41,ok
RPP14,56,0.2397319616576376,31,ok
RPP21,60,0.19429650581199814,34,ok
RPP30,101,0.1084148070617967,42,ok
RPP38,56,0.21236576409495506,32,ok
RPP40,78,0.1776584108634194,37,ok
RPS10,106,0.09806821062286626,43,ok
RPS10-NUDT3,164,0.07257395495303436,45,ok
RPS11,268,0.02377641287229608,48,ok
RPS12,485,0.016969163648651083,48,ok
RPS13,135,0.09723398336675494,43,ok
RPS14,181,0.05617355967394062,46,ok
RPS15,26,0.4415091877323769,17,ok
RPS15A,314,0.029281290179013975,48,ok
RPS16,57,0.1924210701076562,34,ok
RPS17,223,0.03183086502990906,48,ok
RPS18,122,0.09426091957638426,44,ok
RPS19,422,0.02916499505230923,47,ok
RPS19BP1,54,0.24286368751066495,31,ok
RPS2,53,0.2162627710007468,32,ok
RPS20,273,0.039822964391692625,48,ok
RPS21,75,0.12796033823358402,40,ok
RPS23,114,0.09598221230343489,43,ok
RPS24,243,0.04949837979737058,48,ok
RPS25,40,0.26340097108675714,28,ok
RPS26,87,0.15910736506767656,38,ok
RPS27,174,0.051256358539753376,47,ok
RPS27A,97,0.13717971236753965,39,ok
RPS28,309,0.029544828654529485,47,ok
RPS29,403,0.017788145538844502,48,ok
RPS3,276,0.025088498803126916,48,ok
RPS3A,160,0.05599645693926041,46,ok
RPS4X,180,0.045823641438929204,47,ok
RPS5,144,0.0655994342190018,46,ok
RPS6,178,0.0579685684910715,47,ok
RPS7,265,0.03164438648540725,47,ok
RPS8,22,0.38939295227625925,20,ok
RPS9,276,0.038488467496387624,47,ok
RPSA,224,0.05007507309799839,47,ok
RPTOR,82,0.1143061383382031,41,ok
RPUSD3,164,0.07256992400728653,45,ok
RPUSD4,126,0.06741943372982447,45,ok
RRM1,103,0.09888987481777291,42,ok
RRM2,577,0.018702603176247393,48,ok
RRN3,39,0.29618427061687097,26,ok
RRP1,109,0.07543130532920146,45,ok
RRP12,204,0.05651571778329752,45,ok
RRP15,32,0.3947631853660088,21,ok
RRP7A,46,0.2848430321209737,27,ok
RRP9,110,0.07401039161034036,44,ok
RRS1,72,0.20300336045441056,34,ok
RSL1D1,211,0.054457703259539615,46,ok
RSL24D1,179,0.049336802473590034,46,ok
RSRC2,98,0.08988350976596621,44,ok
RTCB,171,0.054575149053466145,46,ok
RTEL1,140,0.058455484040395,48,ok
RTF1,62,0.1870111665459599,35,ok
RTTN,125,0.10313692834416305,43,ok
RUVBL1,211,0.03215905492764771,48,ok
RUVBL2,14,0.540812939916341,12,ok
SACM1L,193,0.07408327549505994,46,ok
SAE1,121,0.11062714016362929,42,ok
SAMM50,102,0.08202525265552478,44,ok
SAP130,113,0.09291994338441975,44,ok
SAP18,57,0.1946147802770119,34,ok
SAP30BP,40,0.2706210184056634,27,ok
SARNP,93,0.12521827815971917,41,ok
SARS,28,0.352261542982985,22,ok
SARS2,163,0.0730374059239036,43,ok
SART1,306,0.03231045375083983,47,ok
SART3,154,0.11075419384228476,43,ok
SASS6,68,0.15155760785340278,38,ok
SBDS,95,0.15942908461235805,39,ok
SBNO1,183,0.06823968194674399,46,ok
SCAF1,174,0.05857944627777455,48,ok
SCAP,140,0.049812021641635645,47,ok
SCD,24,0.4130989882053014,19,ok
SCFD1,152,0.07361446320798781,45,ok
SCNM1,101,0.10135156267747118,43,ok
SDAD1,240,0.04876798884321806,47,ok
SDC1,170,0.06047744750994649,47,ok
SDE2,151,0.0769653048691867,46,ok
SDHA,62,0.1778373778817066,35,ok
SDHAF2,126,0.0760926628901237,44,ok
SDHC,104,0.10529844601613651,43,ok
SDHD,45,0.2879656791125512,27,ok
SEC13,56,0.1663164422674589,37,ok
SEC16A,153,0.0855917678167004,44,ok
SEC61A1,180,0.05920719468821663,48,ok
SEC61B,84,0.1469105274295412,38,ok
SEC61G,98,0.15457048037876844,38,ok
SEC62,5,,5,insufficient
SEC63,78,0.13904110060026403,39,ok
SEH1L,60,0.18371881245553467,34,ok
SEM1,88,0.13090435844709436,40,ok
SENP6,94,0.11447767833196232,40,ok
SEPHS2,158,0.04229083081433112,47,ok
SEPSECS,82,0.12419771432974956,40,ok
SERBP1,109,0.10095179191585689,45,ok
SET,17,0.4781259200756194,15,ok
SETD1A,69,0.12988265099319662,39,ok
SETD2,109,0.09186264682330128,44,ok
SETDB1,124,0.10058332861382245,42,ok
SF1,47,0.22094432152752952,32,ok
SF3A1,332,0.025559178318203795,48,ok
SF3A2,321,0.031576979041498074,48,ok
SF3A3,25,0.42202203799709,19,ok
SF3B1,165,0.0810139538631911,44,ok
SF3B2,500,0.01727662625933851,48,ok
SF3B3,381,0.013630284119114053,48,ok
SF3B4,238,0.036946979919671635,48,ok
SF3B5,84,0.10196124144797265,42,ok
SFPQ,303,0.03741132007553787,48,ok
SFSWAP,172,0.06191340241955669,46,ok
SGPP1,159,0.0404282615797439,48,ok
SHQ1,94,0.11102269750116803,43,ok
SIGLEC14,97,0.11860301475868301,41,ok
SIN3A,307,0.03039044282613006,48,ok
SKA1,68,0.132805542171099,39,ok
SKA3,116,0.13179533530183088,41,ok
SKP1,66,0.185934324192382,35,ok
SKP2,202,0.05482296892635667,46,ok
SLBP,83,0.15846533355160575,38,ok
SLC16A5,179,0.06066504532988783,47,ok
SLC1A5,490,0.02979658242833826,48,ok
SLC25A10,303,0.031624986585490844,48,ok
SLC25A26,36,0.2758754737710328,27,ok
SLC25A3,114,0.06459012636558817,45,ok
SLC35B1,70,0.11976051636636076,40,ok
SLC35G6,163,0.060375327092130664,46,ok
SLC39A10,153,0.0962416621597304,44,ok
SLC39A7,131,0.06977659136337697,46,ok
SLC39A9,752,0.012876908822996436,48,ok
SLC4A5,226,0.05352845107806781,47,ok
SLC7A5,378,0.02806736388204519,48,ok
SLC7A6OS,38,0.3012225038024717,26,ok
SLC9B1,74,0.156829505782728,37,ok
SLU7,225,0.03707600041221767,48,ok
SMAGP,117,0.07382643656600894,46,ok
SMARCB1,182,0.05833476701006165,46,ok
SMARCE1,31,0.3456151567427887,22,ok
SMC1A,180,0.04435929953733919,48,ok
SMC2,134,0.09012735729176811,43,ok
SMC3,54,0.23036354768319525,31,ok
SMC4,340,0.030691690436017653,48,ok
SMC5,121,0.09133205475810093,45,ok
SMC6,125,0.09912936330278008,43,ok
SMG1,35,0.2977463523120386,26,ok
SMG5,83,0.12541364225409393,41,ok
SMG6,54,0.21544780344079525,32,ok
SMN2,319,0.023440244564140535,48,ok
SMNDC1,15,0.5405719272697936,13,ok
SMU1,155,0.06420400931598566,46,ok
SMUG1,71,0.1907789223618997,35,ok
SNAPC1,96,0.10312293611322287,43,ok
SNAPC2,72,0.14721410490158787,38,ok
SNAPC3,212,0.050083314219946704,46,ok
SNAPC4,104,0.09012659845481845,43,ok
SNAPC5,102,0.10755367245867133,42,ok
SNF8,132,0.06688169540282805,46,ok
SNIP1,45,0.2724595352532528,28,ok
SNRNP200,169,0.06715030233719481,45,ok
SNRNP25,135,0.04422013322069133,47,ok
SNRNP27,47,0.2926864473194148,28,ok
SNRNP35,168,0.06356564006731075,46,ok
SNRNP40,210,0.03905404150722074,47,ok
SNRNP48,191,0.054426187636639416,47,ok
SNRNP70,129,0.10263863980798131,43,ok
SNRPA1,159,0.05931423807135867,46,ok
SNRPB,269,0.03394959750124225,48,ok
SNRPC,34,0.3849793904073137,21,ok
SNRPD1,146,0.08723776501562128,45,ok
SNRPD2,19,0.5135319815562855,14,ok
SNRPD3,182,0.042384761440444084,47,ok
SNRPE,184,0.03966913111995602,48,ok
SNRPF,130,0.08848152048489649,44,ok
SNRPG,402,0.02440089428615756,48,ok
SNUPN,139,0.06387020179859088,46,ok
SNW1,226,0.03357179218243463,47,ok
SNX15,637,0.012904429916222633,48,ok
SOD1,165,0.06555675562144737,46,ok
SOD2,198,0.04364704151195174,47,ok
SON,515,0.018902877392826638,48,ok
SP2,118,0.12630816350992846,41,ok
SPATA5,70,0.1687506361823823,36,ok
SPATA5L1,150,0.08982497633603241,44,ok
SPC24,98,0.16042986163083411,38,ok
SPC25,199,0.05061505947891896,48,ok
SPCS2,122,0.10041141821289554,43,ok
SPCS3,167,0.07358646222513612,45,ok
SPDL1,88,0.15634083664457732,38,ok
SPDYE2,182,0.08624634750564991,44,ok
SPRTN,139,0.09033167650084042,44,ok
SPTLC1,28,0.36229531474728016,22,ok
SPTSSA,124,0.07691277388312369,46,ok
SRBD1,150,0.102219277522628,42,ok
SRCAP,194,0.06176559091168891,47,ok
SRF,123,0.09070209936666582,44,ok
SRFBP1,76,0.1209298356903214,40,ok
SRP14,132,0.05811547343399023,47,ok
SRP19,124,0.10231375231563505,42,ok
SRP54,81,0.11816003520326061,42,ok
SRP68,171,0.050925645594143754,47,ok
SRP72,224,0.034011805619261565,48,ok
SRP9,168,0.0486977099149105,47,ok
SRPRB,164,0.06719574294978413,44,ok
SRRM1,180,0.04378572546194895,48,ok
SRRM2,173,0.07124380926250279,43,ok
SRRT,307,0.033607736712421725,48,ok
SRSF1,159,0.0782469500907704,45,ok
SRSF10,133,0.09030933735776359,44,ok
SRSF11,437,0.015452834651719755,48,ok
SRSF2,69,0.20417589034216685,33,ok
SRSF3,29,0.40408916168973436,19,ok
SRSF6,231,0.059366699403378166,46,ok
SRSF7,118,0.10981366304164622,42,ok
SS18L2,144,0.05609660409196975,46,ok
SSBP1,119,0.08238424980495378,44,ok
SSBP3,107,0.10478260421604448,42,ok
SSRP1,562,0.023739043207697704,48,ok
SSU72,85,0.15052329113582422,39,ok
SSX4,101,0.1153972982222087,41,ok
STARD7,117,0.09667719048138117,44,ok
STAT5A,204,0.03781241056790107,48,ok
STIL,171,0.05103332350787486,47,ok
STRAP,106,0.07648401071325141,45,ok
STRIP1,107,0.09357842512615719,44,ok
STX18,86,0.10994679604813729,41,ok
STX5,51,0.17715160265970384,35,ok
SUGP1,149,0.062531066350632,46,ok
SUGT1,107,0.0864135569379702,45,ok
SUMO2,63,0.13955790688222597,38,ok
SUPT16H,93,0.11455582949520637,42,ok
SUPT4H1,74,0.1580167878494761,37,ok
SUPT5H,406,0.01914194506987838,48,ok
SUPT6H,288,0.02838718193980525,48,ok
SUPV3L1,80,0.17174812662415626,37,ok
SURF6,130,0.09625610136555952,44,ok
SYF2,86,0.11844336643221942,41,ok
SYMPK,89,0.1264895352619893,40,ok
SYS1,59,0.1873974533249762,34,ok
TACC3,132,0.08249856310426255,45,ok
TADA2A,39,0.24393204236959648,29,ok
TADA3,150,0.052226522460760316,46,ok
TAF1,97,0.11201361558574915,41,ok
TAF10,39,0.29950812317137027,26,ok
TAF12,67,0.13890854462501306,38,ok
TAF1B,94,0.09705061069910256,42,ok
TAF1C,134,0.0671911558200506,47,ok
TAF1D,141,0.05745953870811208,47,ok
TAF2,144,0.06230224844817551,47,ok
TAF5,35,0.2682849762872012,28,ok
TAF6,113,0.09643522985737377,44,ok
TAF7,94,0.142532500318967,39,ok
TAF8,110,0.11414901734487226,42,ok
TAMM41,120,0.08759267501085087,44,ok
TANGO6,95,0.1266577529065998,40,ok
TARDBP,169,0.026263673377230103,48,ok
TARS,132,0.08003832499356818,46,ok
TARS2,74,0.15235644360452638,38,ok
TBC1D28,78,0.1689379578567293,36,ok
TBC1D3,32,0.3010271825856722,26,ok
TBCA,179,0.0527367535527982,47,ok
TBCB,102,0.10117782107722222,42,ok
TBCC,141,0.08406369925146007,44,ok
TBCD,28,0.40267614833154314,19,ok
TBCE,129,0.07745571167766609,45,ok
TBL3,75,0.11821964617006829,41,ok
TBP,151,0.0672034847745649,45,ok
TCERG1,105,0.113761572219973,43,ok
TCOF1,97,0.09023684322241673,44,ok
TCP1,67,0.14613146014872747,38,ok
TDGF1,106,0.11053880415171694,41,ok
TEAD3,267,0.046335311317775206,47,ok
TEFM,203,0.05619237079061996,47,ok
TELO2,74,0.1319303250713989,40,ok
TEN1,86,0.11503874097977188,41,ok
TERF1,83,0.15178057258328886,38,ok
TERF2,50,0.25732492773345533,30,ok
TEX10,162,0.05660723300034929,46,ok
TFAM,82,0.10527233262598548,42,ok
TFB2M,162,0.05118007216876844,48,ok
TFDP1,163,0.06763075205971353,45,ok
TFIP11,61,0.22560710147406984,33,ok
TFRC,57,0.19490263099690522,34,ok
TGS1,161,0.04320635831506225,47,ok
THAP1,110,0.07556468477740394,45,ok
THAP11,63,0.23075892196534284,31,ok
THG1L,43,0.23488591013633664,30,ok
THOC1,38,0.3143620723949377,26,ok
THOC2,190,0.06366991266953151,46,ok
THOC3,147,0.054064165608123466,46,ok
THOC5,32,0.33250728711574573,23,ok
THOC6,116,0.11539359323326866,41,ok
THOC7,132,0.08003647398256256,45,ok
TICRR,157,0.0816311738373466,44,ok
TIGD1,59,0.26724099505410165,29,ok
TIMELESS,64,0.1884722199231115,35,ok
TIMM10,54,0.24458131261529678,31,ok
TIMM13,178,0.09702901791155176,44,ok
TIMM22,78,0.17572460685863195,36,ok
TIMM23B,498,0.016829996015949412,48,ok
TIMM44,45,0.28301978460768673,28,ok
TIMM8A,162,0.07833186166612914,45,ok
TIMM9,201,0.042727789612807994,47,ok
TINF2,76,0.1637149890312573,36,ok
TIPIN,109,0.0829223278406089,44,ok
TKT,202,0.0494398593576336,48,ok
TLCD1,155,0.0844354334797462,44,ok
TLN1,87,0.15674768590237248,38,ok
TM7SF2,100,0.11518619728896895,41,ok
TMA16,172,0.056622843592968715,47,ok
TMED2,137,0.051795693787072966,47,ok
TMEM127,132,0.06537379646077304,46,ok
TMEM199,99,0.07220573178637506,46,ok
TMEM240,176,0.04884130376421809,47,ok
TMEM258,193,0.03406419452813379,47,ok
TMSB10,228,0.049381195488547386,48,ok
TMX2,109,0.13755725886854386,40,ok
TNNT2,28,0.37655845380467146,21,ok
TNPO3,100,0.11595301029724243,42,ok
TOE1,146,0.05010219460276301,47,ok
TOMM20,111,0.06437988979509512,46,ok
TOMM22,104,0.1039676541981005,41,ok
TOMM40,117,0.09380808189624718,43,ok
TONSL,28,0.35559260016022637,22,ok
TOP1,123,0.06969648562005615,44,ok
TOP2A,38,0.34651041787527137,23,ok
TOP3A,159,0.060408702991648085,46,ok
TOPBP1,52,0.2527146325478209,30,ok
TOR2A,48,0.2351333676989855,31,ok
TP53RK,88,0.10669323397446691,42,ok
TPI1,40,0.4014277838469595,21,ok
TPR,77,0.16705077524965403,38,ok
TPRKB,40,0.2919842377500419,27,ok
TPT1,48,0.25629476644519883,29,ok
TPX2,361,0.02744653157892559,48,ok
TRA2B,222,0.043344488179465526,47,ok
TRAIP,87,0.14119001887802698,39,ok
TRAPPC1,106,0.13180534517070527,39,ok
TRAPPC11,110,0.10083617786780298,43,ok
TRAPPC3,163,0.058213860400770916,47,ok
TRAPPC4,196,0.04193698108054026,47,ok
TRAPPC5,132,0.06828870348152279,46,ok
TRAPPC8,152,0.06336462388846213,45,ok
TREML2,58,0.15183985673897074,37,ok
TREX2,275,0.03935908893966205,47,ok
TRIAP1,66,0.1630387006774377,37,ok
TRIM49C,85,0.13647292717938028,40,ok
TRMT10C,88,0.15836587684163797,39,ok
TRMT112,201,0.06534026314831706,47,ok
TRMT5,94,0.10904228520921937,42,ok
TRMT6,114,0.09846395243361793,44,ok
TRNP1,156,0.04444425984233851,47,ok
TRNT1,203,0.05240983298496073,47,ok
TRPM7,128,0.10321945516399758,42,ok
TRRAP,427,0.01935839323335572,48,ok
TSEN2,177,0.0831362328788076,44,ok
TSEN34,275,0.04487230781435745,48,ok
TSEN54,52,0.2849847686813235,27,ok
TSFM,98,0.1054847935691778,43,ok
TSG101,87,0.13269914487773357,39,ok
TSPYL5,93,0.11412328944910813,41,ok
TSR1,188,0.04486546689932699,48,ok
TSR2,523,0.01573638179914012,48,ok
TSSK3,212,0.04081057543845762,48,ok
TTC1,69,0.15873982951146495,37,ok
TTC27,89,0.13800361671998632,39,ok
TTC4,108,0.08428893892713729,45,ok
TTF2,68,0.22033652089832467,33,ok
TTI1,151,0.07119659943617941,46,ok
TTI2,43,0.24470824994578072,30,ok
TTK,199,0.045557884334524915,47,ok
TUBA1B,74,0.14156837418806484,38,ok
TUBA1C,51,0.22302594947393567,33,ok
TUBA3D,69,0.13492185916024602,39,ok
TUBB,107,0.09616593508341673,44,ok
TUBD1,190,0.036479644137112,48,ok
TUBE1,134,0.0693514191684879,46,ok
TUBG1,13,0.5288309389798859,13,ok
TUBGCP2,238,0.045503271618052094,48,ok
TUBGCP3,30,0.3244337602150291,24,ok
TUBGCP4,42,0.2940596238663085,27,ok
TUBGCP5,72,0.0986885607724533,42,ok
TUBGCP6,153,0.06521728041379014,46,ok
TULP1,123,0.09430978792226694,43,ok
TUT1,208,0.07500756589877451,45,ok
TVP23C,113,0.09050852009170454,44,ok
TWF1,140,0.09107508771100614,43,ok
TWISTNB,169,0.07519727409848755,45,ok
TXN,94,0.12485316471689033,40,ok
TXNL4A,85,0.1445663874654104,39,ok
TXNL4B,135,0.06599377218036204,46,ok
U2AF1,141,0.06612092466665703,46,ok
U2AF2,107,0.1278387515530378,40,ok
U2SURP,290,0.022140352396943713,48,ok
UBA1,287,0.028956820313909826,48,ok
UBA2,172,0.06514977925980642,47,ok
UBA3,95,0.11573474513788029,41,ok
UBA5,102,0.11365214431974369,42,ok
UBA52,58,0.13821792006941638,38,ok
UBAP1,104,0.10716185168869213,41,ok
UBC,107,0.09530892993710006,44,ok
UBE2D3,142,0.10465236671083497,43,ok
UBE2H,194,0.042632087921456494,48,ok
UBE2I,64,0.164343518434203,37,ok
UBE2L3,201,0.03963656005795931,48,ok
UBE2M,177,0.0654166375837663,47,ok
UBE2N,174,0.059855112546976744,47,ok
UBE2Z,64,0.16579919229287096,36,ok
UBL5,232,0.044094521289224954,47,ok
UBQLN4,152,0.0730450458267846,45,ok
UBR4,26,0.4027268824532818,19,ok
UBR5,46,0.31513339843533367,26,ok
UBTF,202,0.035356823060700975,47,ok
UFL1,162,0.046872571186139404,48,ok
UFM1,130,0.05819751264787556,47,ok
UNC45A,178,0.05355105335145589,48,ok
UNC50,83,0.13004277099586806,39,ok
UPF1,131,0.10320967937315317,42,ok
UPF2,154,0.10035027955277812,44,ok
UPF3A,76,0.10755818490706281,41,ok
UQCC2,101,0.09242461823763787,45,ok
UQCRB,96,0.07072281457224842,45,ok
UQCRC1,316,0.03666112851080532,47,ok
UQCRC2,68,0.17092681890489617,35,ok
UQCRFS1,119,0.12829546423778015,40,ok
UQCRH,68,0.09561273846919582,43,ok
UQCRQ,166,0.06190238047099643,44,ok
URB1,33,0.33846152377039096,23,ok
URB2,198,0.045685761192321254,46,ok
URI1,82,0.13747075981931667,39,ok
URM1,123,0.10984179348163772,43,ok
UROD,201,0.03551706670493284,48,ok
USF2,185,0.03284853640488242,48,ok
USP10,92,0.1631660653920703,37,ok
USP19,65,0.1677213984806551,36,ok
USP36,174,0.08067698884094202,45,ok
USP37,77,0.1440899051978575,39,ok
USP39,220,0.0379325908963605,47,ok
USP5,199,0.03863818369691288,48,ok
USP7,276,0.02890632379671603,48,ok
USP8,74,0.14140823296939822,39,ok
USP9X,112,0.09796656117379787,43,ok
USPL1,100,0.10558154587368881,42,ok
UTP15,152,0.0745640017208273,46,ok
UTP18,77,0.12695734351625662,40,ok
UTP20,105,0.10955465427858174,42,ok
UTP23,163,0.0640216011523186,47,ok
UTP3,27,0.38664393374848827,20,ok
UTP6,69,0.15305277257571412,38,ok
UXS1,124,0.1013958676484418,43,ok
UXT,215,0.06127969235742137,46,ok
VARS,220,0.05005415126964671,48,ok
VARS2,126,0.07704881819807284,45,ok
VBP1,116,0.06921265744665189,45,ok
VCP,239,0.052263509783506336,47,ok
VEZT,204,0.027608274025893078,47,ok
VHL,162,0.06118409210745383,47,ok
VMP1,106,0.1003405694959358,42,ok
VPS13D,140,0.08995718371206946,43,ok
VPS18,157,0.09332654318611487,43,ok
VPS25,84,0.15816526719608517,38,ok
VPS28,59,0.18159784211791394,36,ok
VPS29,165,0.06250610961168068,47,ok
VPS33A,182,0.07277996827928739,47,ok
VPS35,43,0.3067610253578046,26,ok
VPS37A,75,0.15036608516482028,38,ok
VPS37C,177,0.07769479622937073,46,ok
VPS41,332,0.022647096973013408,48,ok
VPS51,101,0.11234942451884183,41,ok
VPS54,321,0.021241471918413822,48,ok
VPS72,98,0.10785093971996061,42,ok
WAC,162,0.042184178994230354,48,ok
WARS,76,0.1640464113902947,38,ok
WBP1,99,0.12145767410054097,40,ok
WBP11,312,0.029634209433531043,48,ok
WBP1L,199,0.052440545307487534,46,ok
WDHD1,182,0.047796224551715165,48,ok
WDR1,102,0.10995578000998305,41,ok
WDR12,213,0.04547119507368507,48,ok
WDR18,105,0.09160613348936114,43,ok
WDR24,82,0.1265222016684778,40,ok
WDR25,159,0.04317177388693385,48,ok
WDR26,226,0.05085580682352501,46,ok
WDR3,365,0.022709202542934945,48,ok
WDR33,103,0.11845175292648495,42,ok
WDR36,285,0.036900162569645976,48,ok
WDR4,347,0.02690270608789116,48,ok
WDR43,86,0.12394638072064197,42,ok
WDR46,71,0.1741210197898565,36,ok
WDR5,78,0.15846147250157364,38,ok
WDR54,208,0.05361853005469654,46,ok
WDR55,97,0.0800009578180518,45,ok
WDR61,108,0.12967095875681592,40,ok
WDR7,103,0.11668488060212485,40,ok
WDR70,30,0.3900096478606641,21,ok
WDR74,178,0.0537211258420522,47,ok
WDR75,158,0.06856147147254313,46,ok
WDR77,42,0.29761631035914216,26,ok
WDR82,99,0.11351228962532328,41,ok
WDR83OS,83,0.17444304602259977,36,ok
WDR92,66,0.22584125318408682,32,ok
WDTC1,112,0.09935215701989732,44,ok
WEE1,41,0.27485635227776395,27,ok
WNK1,137,0.08467876061988336,43,ok
WTAP,165,0.05900169927498599,47,ok
XAB2,153,0.05932549812563697,47,ok
XPO1,207,0.06512309588166625,46,ok
XPO5,221,0.05687649949722811,46,ok
XRCC1,254,0.03180859680002111,48,ok
XRCC2,157,0.07713654398877146,45,ok
XRCC3,53,0.2393289849128642,31,ok
XRCC5,88,0.14480797131810355,38,ok
XRCC6,28,0.3921777316459017,20,ok
XRN1,10,0.6221870749222351,9,ok
XRN2,66,0.20947424485958765,33,ok
YARS,185,0.06393717722168502,47,ok
YARS2,190,0.05141348211609133,46,ok
YBX1,86,0.17702791876591092,37,ok
YEATS2,240,0.027781598395618935,48,ok
YEATS4,231,0.03543666558162866,47,ok
YJEFN3,179,0.07368286911996183,45,ok
YKT6,63,0.22101731644101089,32,ok
YPEL1,72,0.1671857237421281,37,ok
YPEL5,76,0.21805201218292974,32,ok
YRDC,106,0.1184755131091537,40,ok
YTHDC1,237,0.029074955743833297,48,ok
YY1,82,0.188324898415991,36,ok
ZBTB11,146,0.042805566605318264,48,ok
ZBTB17,160,0.04393610035112801,48,ok
ZC3H18,32,0.35652998599976093,22,ok
ZC3H8,21,0.4977861161780004,15,ok
ZCCHC9,54,0.2886669181163088,27,ok
ZCRB1,146,0.06079839091740338,46,ok
ZFC3H1,117,0.07926977262070749,43,ok
ZFP69B,151,0.03723028160109284,48,ok
ZMAT2,436,0.018809290541072155,48,ok
ZMAT5,100,0.12659192043921233,41,ok
ZNF100,95,0.1314348207501153,39,ok
ZNF131,23,0.40593332964344736,19,ok
ZNF133,102,0.10669352665404253,42,ok
ZNF207,283,0.03795253932551562,48,ok
ZNF236,85,0.12343001359520707,40,ok
ZNF24,59,0.17493237820764998,35,ok
ZNF253,118,0.08165083081636676,44,ok
ZNF284,218,0.049291996589263774,48,ok
ZNF317,132,0.074828176857792,45,ok
ZNF335,146,0.046027264633150176,46,ok
ZNF407,112,0.11522728557522913,42,ok
ZNF468,207,0.047261264313301264,48,ok
ZNF492,157,0.08259902778731616,45,ok
ZNF506,177,0.10098953883405454,43,ok
ZNF559,111,0.1160909218785229,42,ok
ZNF574,314,0.038819538026371364,48,ok
ZNF658,111,0.11786335220811253,43,ok
ZNF674,126,0.11520475632523344,42,ok
ZNF676,89,0.16167413926969149,38,ok
ZNF687,205,0.04594846625106622,48,ok
ZNF718,330,0.030835699575600877,48,ok
ZNF720,73,0.13916177389699097,38,ok
ZNF763,148,0.051336893582070504,47,ok
ZNF830,15,0.5244508970479305,13,ok
ZNHIT2,96,0.10983383575054777,41,ok
ZNHIT3,72,0.1833003643167552,36,ok
ZNHIT6,117,0.11787457451360216,42,ok
ZNRD1,81,0.15339330329394466,38,ok
ZRANB2,40,0.3544842811093921,23,ok
ZRSR2,113,0.10934733915080938,43,ok
ZW10,200,0.04098337865241137,47,ok
ZWINT,33,0.36337389592193353,22,ok
